risk_score,clv_eur,expected_value_eur,is_churn,tenure_band,active_days_30d,days_since_last_play
0.6665,16.6348,11.0879,0,05 2+ years,19,1.0
0.1956,4.8805,0.9547,0,04 1-2 years,30,1.0
0.2145,4.8805,1.0471,0,05 2+ years,15,1.0
0.4781,4.8805,2.3335,0,05 2+ years,17,1.0
0.3691,4.8805,1.8012,0,04 1-2 years,28,1.0
0.2905,4.8805,1.4179,0,04 1-2 years,11,3.0
0.2968,4.8805,1.4485,0,04 1-2 years,17,2.0
0.4576,4.8805,2.2333,1,01 0-3 months,16,1.0
0.7505,3.5253,2.6458,0,03 6-12 months,26,1.0
0.3053,4.8805,1.49,0,05 2+ years,7,3.0
0.2021,4.8805,0.9865,0,05 2+ years,24,1.0
0.2516,4.8805,1.2279,0,05 2+ years,21,3.0
0.8955,7.4219,6.6461,1,05 2+ years,20,1.0
0.3732,4.8805,1.8215,1,04 1-2 years,18,1.0
0.9748,7.4219,7.2347,1,05 2+ years,0,
0.1479,4.8805,0.7218,0,05 2+ years,30,1.0
0.7575,7.4219,5.6222,1,05 2+ years,14,1.0
0.8441,16.6348,14.042,1,05 2+ years,27,1.0
0.1193,4.8805,0.5822,0,05 2+ years,30,1.0
0.7732,4.8805,3.7736,0,05 2+ years,3,16.0
0.0989,4.8805,0.4825,0,05 2+ years,30,1.0
0.3761,4.8805,1.8357,0,05 2+ years,17,1.0
0.8516,7.4219,6.3207,1,03 6-12 months,28,1.0
0.4736,7.4219,3.515,0,05 2+ years,29,1.0
0.2455,4.8805,1.1984,1,05 2+ years,30,1.0
0.2048,4.8805,0.9997,0,03 6-12 months,23,2.0
0.905,3.5253,3.1905,1,05 2+ years,21,1.0
0.8518,16.6348,14.17,1,05 2+ years,21,1.0
0.1928,4.8805,0.9409,0,04 1-2 years,28,1.0
0.9474,7.4219,7.0316,1,05 2+ years,26,1.0
0.1548,4.8805,0.7553,0,04 1-2 years,15,2.0
0.8451,16.6348,14.0575,1,05 2+ years,14,4.0
0.1624,4.8805,0.7924,0,04 1-2 years,30,1.0
0.2457,4.8805,1.1991,1,02 3-6 months,26,1.0
0.8321,7.4219,6.1761,1,05 2+ years,24,2.0
0.2839,4.8805,1.3855,0,05 2+ years,30,1.0
0.1912,4.8805,0.9332,0,04 1-2 years,30,1.0
0.4381,4.8805,2.1383,1,05 2+ years,11,2.0
0.2398,4.8805,1.1706,1,03 6-12 months,30,1.0
0.4146,4.8805,2.0234,0,05 2+ years,25,2.0
0.3258,4.8805,1.5899,0,02 3-6 months,18,2.0
0.9559,16.6348,15.9019,1,05 2+ years,5,11.0
0.7653,7.4219,5.6798,1,04 1-2 years,19,1.0
0.1771,4.8805,0.8644,0,04 1-2 years,21,1.0
0.1997,4.8805,0.9745,0,05 2+ years,22,1.0
0.8449,3.5253,2.9784,1,03 6-12 months,23,1.0
0.9417,16.6348,15.6649,1,04 1-2 years,7,3.0
0.1008,4.8805,0.4919,0,05 2+ years,28,1.0
0.3877,4.8805,1.8921,1,05 2+ years,18,1.0
0.2693,4.8805,1.3142,0,05 2+ years,19,2.0
0.5424,4.8805,2.6473,1,05 2+ years,22,3.0
0.2919,4.8805,1.4247,0,01 0-3 months,21,1.0
0.23,4.8805,1.1223,1,03 6-12 months,18,1.0
0.2547,4.8805,1.2429,0,05 2+ years,19,3.0
0.1456,4.8805,0.7106,0,04 1-2 years,27,1.0
0.1755,4.8805,0.8566,0,05 2+ years,25,1.0
0.6913,4.8805,3.3738,1,05 2+ years,13,3.0
0.3368,4.8805,1.6436,0,05 2+ years,8,4.0
0.8181,7.4219,6.0716,0,04 1-2 years,13,4.0
0.8455,4.8805,4.1264,1,04 1-2 years,11,16.0
0.474,4.8805,2.3133,0,05 2+ years,11,1.0
0.255,4.8805,1.2446,0,05 2+ years,22,1.0
0.9069,7.4219,6.7309,1,05 2+ years,20,1.0
0.1211,4.8805,0.5909,1,05 2+ years,27,1.0
0.1538,4.8805,0.7508,0,04 1-2 years,29,1.0
0.6284,4.8805,3.0667,1,04 1-2 years,7,12.0
0.8681,16.6348,14.4403,1,05 2+ years,23,1.0
0.2163,4.8805,1.0556,0,05 2+ years,27,1.0
0.1881,4.8805,0.918,0,04 1-2 years,17,3.0
0.1397,4.8805,0.6816,0,05 2+ years,26,1.0
0.4311,4.8805,2.104,1,04 1-2 years,28,2.0
0.2504,4.8805,1.2218,0,03 6-12 months,20,1.0
0.2627,4.8805,1.2819,0,02 3-6 months,15,1.0
0.2787,4.8805,1.3602,0,04 1-2 years,30,1.0
0.2387,4.8805,1.1651,0,03 6-12 months,24,1.0
0.1578,4.8805,0.7701,1,04 1-2 years,30,1.0
0.152,4.8805,0.7419,0,05 2+ years,25,1.0
0.2095,4.8805,1.0227,0,04 1-2 years,27,1.0
0.2965,4.8805,1.4471,1,05 2+ years,28,1.0
0.8896,16.6348,14.7979,0,04 1-2 years,11,1.0
0.2763,4.8805,1.3484,1,05 2+ years,26,1.0
0.5728,4.8805,2.7957,0,05 2+ years,6,9.0
0.9376,7.4219,6.9584,1,05 2+ years,19,1.0
0.1441,4.8805,0.7033,0,05 2+ years,30,1.0
0.3689,4.8805,1.8005,1,03 6-12 months,20,1.0
0.2915,4.8805,1.4225,1,05 2+ years,11,2.0
0.186,4.8805,0.9077,0,05 2+ years,30,1.0
0.1728,4.8805,0.8432,1,04 1-2 years,20,2.0
0.2461,4.8805,1.2012,0,04 1-2 years,28,1.0
0.1932,4.8805,0.9429,0,01 0-3 months,22,1.0
0.171,4.8805,0.8345,1,04 1-2 years,28,1.0
0.3541,4.8805,1.7281,0,04 1-2 years,24,1.0
0.1495,4.8805,0.7296,0,04 1-2 years,16,3.0
0.3943,4.8805,1.9241,1,04 1-2 years,19,1.0
0.5923,4.8805,2.8905,0,01 0-3 months,4,5.0
0.7755,4.8805,3.7847,1,05 2+ years,10,3.0
0.4749,4.8805,2.3177,1,05 2+ years,16,1.0
0.2359,4.8805,1.1513,0,04 1-2 years,20,1.0
0.1953,4.8805,0.953,0,05 2+ years,25,1.0
0.2645,4.8805,1.2909,0,05 2+ years,26,1.0
0.1983,4.8805,0.9679,0,04 1-2 years,21,2.0
0.3248,4.8805,1.5854,1,05 2+ years,23,3.0
0.7735,4.8805,3.7753,1,01 0-3 months,8,14.0
0.6287,4.8805,3.0682,1,01 0-3 months,6,3.0
0.9222,7.4219,6.8447,1,01 0-3 months,2,1.0
0.9592,7.4219,7.1193,1,05 2+ years,24,2.0
0.905,16.6348,15.0546,1,05 2+ years,5,1.0
0.1374,4.8805,0.6704,0,05 2+ years,30,1.0
0.2253,4.8805,1.0998,0,04 1-2 years,28,1.0
0.4385,4.8805,2.1402,0,02 3-6 months,20,1.0
0.7945,4.8805,3.8775,1,05 2+ years,3,15.0
0.1447,4.8805,0.7064,0,05 2+ years,29,1.0
0.4279,4.8805,2.0882,0,03 6-12 months,21,2.0
0.1839,4.8805,0.8973,0,05 2+ years,22,1.0
0.26,4.8805,1.2688,1,05 2+ years,10,1.0
0.1442,4.8805,0.704,0,05 2+ years,26,1.0
0.163,4.8805,0.7957,0,05 2+ years,30,1.0
0.1752,4.8805,0.855,0,03 6-12 months,28,1.0
0.5718,4.8805,2.7905,0,05 2+ years,3,22.0
0.8646,3.5253,3.048,1,04 1-2 years,15,6.0
0.3464,4.8805,1.6908,1,03 6-12 months,23,1.0
0.8736,7.4219,6.4835,1,05 2+ years,26,1.0
0.8552,16.6348,14.2261,1,05 2+ years,17,3.0
0.2044,4.8805,0.9977,1,05 2+ years,26,1.0
0.3137,4.8805,1.5309,0,04 1-2 years,26,1.0
0.8706,7.4219,6.4616,0,04 1-2 years,27,1.0
0.2627,4.8805,1.2821,0,03 6-12 months,28,1.0
0.9356,7.4219,6.9436,1,05 2+ years,27,2.0
0.2182,4.8805,1.0652,0,05 2+ years,22,2.0
0.2584,4.8805,1.2614,0,05 2+ years,24,1.0
0.8669,16.6348,14.4205,1,04 1-2 years,30,1.0
0.1525,4.8805,0.7441,1,05 2+ years,28,1.0
0.1571,4.8805,0.7669,0,01 0-3 months,29,1.0
0.2112,4.8805,1.0308,0,05 2+ years,26,1.0
0.8565,16.6348,14.2484,0,05 2+ years,27,1.0
0.9389,7.4219,6.9684,1,03 6-12 months,14,4.0
0.216,4.8805,1.054,0,05 2+ years,30,1.0
0.1916,4.8805,0.9352,0,05 2+ years,28,1.0
0.1434,4.8805,0.6997,0,05 2+ years,30,1.0
0.2108,4.8805,1.0287,0,01 0-3 months,22,2.0
0.4315,4.8805,2.1057,0,03 6-12 months,27,1.0
0.2029,4.8805,0.9905,0,05 2+ years,23,1.0
0.4746,4.8805,2.3165,1,04 1-2 years,16,1.0
0.123,4.8805,0.6005,0,05 2+ years,30,1.0
0.6304,7.4219,4.6786,1,03 6-12 months,18,2.0
0.2518,4.8805,1.2287,0,03 6-12 months,16,1.0
0.2257,4.8805,1.1017,1,05 2+ years,27,1.0
0.3212,4.8805,1.5678,0,04 1-2 years,23,1.0
0.2103,4.8805,1.0264,1,03 6-12 months,27,1.0
0.8468,4.8805,4.1326,1,03 6-12 months,3,8.0
0.1865,4.8805,0.9103,0,05 2+ years,27,1.0
0.853,4.8805,4.1632,1,05 2+ years,0,
0.1638,4.8805,0.7995,0,05 2+ years,25,1.0
0.7044,4.8805,3.4379,0,03 6-12 months,9,3.0
0.427,4.8805,2.0841,0,04 1-2 years,30,1.0
0.2788,4.8805,1.3605,0,05 2+ years,22,3.0
0.6269,4.8805,3.0595,0,05 2+ years,20,1.0
0.1962,4.8805,0.9574,0,03 6-12 months,26,1.0
0.8464,7.4219,6.2818,1,04 1-2 years,26,1.0
0.8847,7.4219,6.5662,1,04 1-2 years,3,14.0
0.823,16.6348,13.6908,1,05 2+ years,24,1.0
0.8221,7.4219,6.1012,0,03 6-12 months,23,1.0
0.1506,4.8805,0.7349,0,04 1-2 years,30,1.0
0.8677,16.6348,14.4337,1,05 2+ years,3,2.0
0.2079,4.8805,1.0147,1,05 2+ years,13,5.0
0.1668,4.8805,0.8143,0,05 2+ years,23,1.0
0.3082,4.8805,1.5043,1,04 1-2 years,22,1.0
0.2821,4.8805,1.3766,0,05 2+ years,14,2.0
0.1931,4.8805,0.9425,0,01 0-3 months,16,2.0
0.2944,4.8805,1.4368,1,05 2+ years,29,1.0
0.1973,4.8805,0.9628,0,05 2+ years,30,1.0
0.7725,4.8805,3.7702,1,01 0-3 months,8,18.0
0.3329,4.8805,1.6249,1,04 1-2 years,24,1.0
0.2302,4.8805,1.1235,0,05 2+ years,26,1.0
0.1822,4.8805,0.8892,0,04 1-2 years,19,2.0
0.3517,4.8805,1.7164,0,05 2+ years,26,1.0
0.866,16.6348,14.4056,1,04 1-2 years,25,1.0
0.7187,16.6348,11.9559,1,05 2+ years,10,1.0
0.8363,16.6348,13.9115,1,04 1-2 years,28,1.0
0.474,4.8805,2.3133,0,01 0-3 months,8,1.0
0.2247,4.8805,1.0967,0,03 6-12 months,15,1.0
0.6975,7.4219,5.1768,0,05 2+ years,16,1.0
0.8294,16.6348,13.7963,1,05 2+ years,14,2.0
0.1712,4.8805,0.8355,0,03 6-12 months,27,1.0
0.7888,3.5253,2.7807,1,05 2+ years,30,1.0
0.2208,4.8805,1.0775,0,02 3-6 months,30,1.0
0.1734,4.8805,0.8461,0,04 1-2 years,30,1.0
0.3121,4.8805,1.5232,1,05 2+ years,11,2.0
0.2537,4.8805,1.2381,1,04 1-2 years,27,1.0
0.7912,7.4219,5.8723,1,05 2+ years,30,1.0
0.8162,3.5253,2.8772,0,02 3-6 months,28,1.0
0.1355,4.8805,0.6615,0,03 6-12 months,23,1.0
0.2994,4.8805,1.4611,0,05 2+ years,29,1.0
0.3605,4.8805,1.7593,0,05 2+ years,8,6.0
0.4041,4.8805,1.9722,0,05 2+ years,14,5.0
0.4223,4.8805,2.0611,1,05 2+ years,18,1.0
0.9076,7.4219,6.7359,1,05 2+ years,24,3.0
0.2397,4.8805,1.1698,0,05 2+ years,30,1.0
0.1432,4.8805,0.6988,0,05 2+ years,28,1.0
0.2151,4.8805,1.0497,0,04 1-2 years,18,4.0
0.1985,4.8805,0.9686,0,05 2+ years,15,2.0
0.2955,4.8805,1.4421,1,05 2+ years,17,2.0
0.8532,3.5253,3.0078,1,05 2+ years,30,1.0
0.2071,4.8805,1.0106,0,05 2+ years,24,1.0
0.3197,4.8805,1.5604,0,05 2+ years,13,1.0
0.2328,4.8805,1.1361,0,05 2+ years,24,1.0
0.1484,4.8805,0.7245,0,05 2+ years,29,1.0
0.4177,4.8805,2.0385,1,05 2+ years,23,1.0
0.5126,4.8805,2.5017,1,05 2+ years,19,1.0
0.9595,7.4219,7.1216,1,05 2+ years,25,1.0
0.1896,4.8805,0.9255,0,05 2+ years,22,1.0
0.3205,4.8805,1.5641,1,05 2+ years,9,2.0
0.617,3.5253,2.1751,1,05 2+ years,20,1.0
0.6242,4.8805,3.0462,0,03 6-12 months,26,3.0
0.8435,3.5253,2.9735,1,04 1-2 years,3,11.0
0.1163,4.8805,0.5676,0,05 2+ years,29,1.0
0.1538,4.8805,0.7506,0,05 2+ years,20,2.0
0.4523,4.8805,2.2076,1,05 2+ years,13,10.0
0.137,4.8805,0.6686,0,04 1-2 years,30,1.0
0.8388,7.4219,6.2256,1,05 2+ years,17,1.0
0.3187,4.8805,1.5552,1,01 0-3 months,29,1.0
0.5166,4.8805,2.5213,1,05 2+ years,4,11.0
0.8688,16.6348,14.4517,1,05 2+ years,20,2.0
0.2224,4.8805,1.0852,0,05 2+ years,30,1.0
0.9599,16.6348,15.9669,1,05 2+ years,3,1.0
0.2216,4.8805,1.0813,0,04 1-2 years,21,1.0
0.5789,4.8805,2.8254,0,03 6-12 months,6,16.0
0.2702,4.8805,1.3189,0,05 2+ years,5,4.0
0.5784,4.8805,2.8227,1,05 2+ years,9,2.0
0.9644,7.4219,7.1577,1,05 2+ years,19,1.0
0.2867,4.8805,1.3994,0,01 0-3 months,17,1.0
0.1626,4.8805,0.7937,0,05 2+ years,30,1.0
0.1048,4.8805,0.5116,0,05 2+ years,29,1.0
0.2416,4.8805,1.1793,1,04 1-2 years,25,1.0
0.1921,4.8805,0.9376,0,05 2+ years,14,6.0
0.1353,4.8805,0.6603,1,05 2+ years,28,1.0
0.4001,4.8805,1.9526,1,05 2+ years,22,1.0
0.1436,4.8805,0.7009,0,04 1-2 years,24,1.0
0.1872,4.8805,0.9135,0,04 1-2 years,22,1.0
0.3519,4.8805,1.7175,1,02 3-6 months,14,8.0
0.2802,4.8805,1.3674,0,05 2+ years,10,1.0
0.2324,4.8805,1.1344,0,05 2+ years,30,1.0
0.1916,4.8805,0.9353,0,04 1-2 years,27,1.0
0.1586,4.8805,0.774,0,03 6-12 months,24,1.0
0.3535,4.8805,1.7254,1,05 2+ years,28,1.0
0.1761,4.8805,0.8593,0,03 6-12 months,24,1.0
0.341,4.8805,1.6644,0,01 0-3 months,15,4.0
0.4457,4.8805,2.1751,1,03 6-12 months,14,1.0
0.1498,4.8805,0.7309,0,05 2+ years,30,1.0
0.2519,4.8805,1.2292,1,04 1-2 years,8,5.0
0.852,16.6348,14.173,1,04 1-2 years,24,1.0
0.2681,4.8805,1.3086,0,04 1-2 years,19,3.0
0.2331,4.8805,1.1378,0,04 1-2 years,27,1.0
0.3395,4.8805,1.6567,1,01 0-3 months,28,1.0
0.1764,4.8805,0.8607,0,05 2+ years,26,1.0
0.4531,4.8805,2.2112,1,05 2+ years,22,4.0
0.6702,4.8805,3.2707,1,01 0-3 months,8,9.0
0.9168,16.6348,15.2504,1,05 2+ years,4,12.0
0.1372,4.8805,0.6697,0,04 1-2 years,27,1.0
0.857,3.5253,3.0211,1,01 0-3 months,4,14.0
0.2625,4.8805,1.2811,0,03 6-12 months,22,1.0
0.2064,4.8805,1.0073,0,05 2+ years,18,1.0
0.614,7.4219,4.5572,0,05 2+ years,16,1.0
0.8636,16.6348,14.3664,1,05 2+ years,30,1.0
0.2157,4.8805,1.0529,1,02 3-6 months,24,1.0
0.8084,16.6348,13.448,1,05 2+ years,30,1.0
0.8204,16.6348,13.6476,1,04 1-2 years,25,1.0
0.1488,4.8805,0.7264,0,04 1-2 years,30,1.0
0.6026,4.8805,2.9412,1,01 0-3 months,21,5.0
0.1785,4.8805,0.8713,0,05 2+ years,28,1.0
0.1991,4.8805,0.9715,0,04 1-2 years,15,1.0
0.9276,16.6348,15.4302,1,01 0-3 months,2,1.0
0.4721,4.8805,2.3039,0,05 2+ years,8,12.0
0.3435,4.8805,1.6765,0,01 0-3 months,26,1.0
0.4473,4.8805,2.1829,1,05 2+ years,18,1.0
0.2184,4.8805,1.066,0,04 1-2 years,19,3.0
0.2332,4.8805,1.1383,0,04 1-2 years,27,1.0
0.3153,4.8805,1.539,0,01 0-3 months,19,1.0
0.1542,4.8805,0.7524,0,04 1-2 years,29,1.0
0.5124,4.8805,2.5007,1,05 2+ years,16,1.0
0.2423,4.8805,1.1824,1,05 2+ years,21,1.0
0.5346,4.8805,2.609,1,05 2+ years,14,2.0
0.0936,4.8805,0.4569,1,05 2+ years,29,1.0
0.3406,4.8805,1.6622,0,01 0-3 months,26,1.0
0.8539,16.6348,14.2037,1,04 1-2 years,23,6.0
0.4475,3.5253,1.5776,0,05 2+ years,14,1.0
0.3427,4.8805,1.6727,1,05 2+ years,28,1.0
0.2198,4.8805,1.0728,1,05 2+ years,24,1.0
0.1884,4.8805,0.9195,0,05 2+ years,27,1.0
0.0901,4.8805,0.4398,0,05 2+ years,30,1.0
0.2266,4.8805,1.106,0,02 3-6 months,22,1.0
0.1646,4.8805,0.8034,0,05 2+ years,29,1.0
0.3714,4.8805,1.8128,0,03 6-12 months,13,3.0
0.8411,16.6348,13.9909,1,04 1-2 years,27,1.0
0.181,4.8805,0.8835,0,03 6-12 months,26,1.0
0.2892,4.8805,1.4113,1,02 3-6 months,17,5.0
0.1922,4.8805,0.9382,0,04 1-2 years,27,1.0
0.7925,7.4219,5.8816,1,05 2+ years,30,1.0
0.8798,7.4219,6.53,1,05 2+ years,15,1.0
0.2066,4.8805,1.0082,0,04 1-2 years,29,1.0
0.1788,4.8805,0.8728,0,03 6-12 months,20,2.0
0.1517,4.8805,0.7402,0,05 2+ years,19,1.0
0.1837,4.8805,0.8965,1,04 1-2 years,25,1.0
0.2059,4.8805,1.0049,0,05 2+ years,29,1.0
0.4035,4.8805,1.9694,0,05 2+ years,2,1.0
0.2217,4.8805,1.0818,0,04 1-2 years,25,1.0
0.303,4.8805,1.4789,0,05 2+ years,3,1.0
0.2012,4.8805,0.982,0,05 2+ years,21,1.0
0.2484,4.8805,1.2125,0,05 2+ years,11,2.0
0.5074,7.4219,3.7658,0,05 2+ years,25,1.0
0.8573,16.6348,14.2614,1,05 2+ years,24,1.0
0.1716,4.8805,0.8377,0,05 2+ years,18,1.0
0.8478,3.5253,2.9888,0,02 3-6 months,21,3.0
0.5956,4.8805,2.9071,1,04 1-2 years,3,20.0
0.244,4.8805,1.1909,0,05 2+ years,21,1.0
0.2315,4.8805,1.1297,0,02 3-6 months,30,1.0
0.1872,4.8805,0.9137,0,05 2+ years,21,1.0
0.4405,4.8805,2.1499,0,04 1-2 years,19,1.0
0.2541,4.8805,1.2402,0,03 6-12 months,30,1.0
0.2082,4.8805,1.0163,0,02 3-6 months,27,1.0
0.1931,4.8805,0.9423,0,05 2+ years,22,1.0
0.9756,16.6348,16.2285,1,05 2+ years,0,
0.1724,4.8805,0.8414,0,05 2+ years,30,1.0
0.2013,4.8805,0.9824,0,01 0-3 months,27,1.0
0.1584,4.8805,0.773,1,05 2+ years,30,1.0
0.2116,4.8805,1.0325,0,04 1-2 years,13,1.0
0.8465,7.4219,6.2827,0,05 2+ years,23,1.0
0.2315,4.8805,1.1297,0,04 1-2 years,25,2.0
0.3697,4.8805,1.8042,0,05 2+ years,14,2.0
0.1378,4.8805,0.6726,1,05 2+ years,25,1.0
0.1313,4.8805,0.6407,0,02 3-6 months,30,1.0
0.1516,4.8805,0.74,0,05 2+ years,28,1.0
0.2719,4.8805,1.3272,0,05 2+ years,25,1.0
0.2742,4.8805,1.338,0,05 2+ years,30,1.0
0.1037,4.8805,0.5062,0,03 6-12 months,30,1.0
0.9569,7.4219,7.1017,1,05 2+ years,22,2.0
0.2532,4.8805,1.2358,0,05 2+ years,15,1.0
0.3277,4.8805,1.5994,0,04 1-2 years,30,1.0
0.2178,4.8805,1.063,0,05 2+ years,27,1.0
0.3386,4.8805,1.6527,0,05 2+ years,11,2.0
0.1473,4.8805,0.7188,0,05 2+ years,26,1.0
0.7981,16.6348,13.2756,0,05 2+ years,9,2.0
0.2415,4.8805,1.1787,0,05 2+ years,24,1.0
0.7847,7.4219,5.8238,0,05 2+ years,13,1.0
0.1537,4.8805,0.7503,0,04 1-2 years,27,1.0
0.8325,7.4219,6.1788,1,05 2+ years,30,1.0
0.1977,4.8805,0.9651,0,05 2+ years,28,1.0
0.4169,4.8805,2.0345,1,03 6-12 months,21,3.0
0.5812,16.6348,9.6685,0,05 2+ years,30,1.0
0.1587,4.8805,0.7747,0,04 1-2 years,22,1.0
0.2398,4.8805,1.1704,1,04 1-2 years,17,1.0
0.1938,4.8805,0.9459,0,05 2+ years,22,1.0
0.1352,4.8805,0.6597,0,05 2+ years,30,1.0
0.1913,4.8805,0.9335,0,04 1-2 years,17,3.0
0.262,4.8805,1.2786,0,03 6-12 months,23,1.0
0.1795,4.8805,0.8762,1,04 1-2 years,23,1.0
0.156,4.8805,0.7616,0,05 2+ years,27,1.0
0.2019,4.8805,0.9853,0,04 1-2 years,30,1.0
0.1485,4.8805,0.7248,0,05 2+ years,29,1.0
0.2989,4.8805,1.4586,0,05 2+ years,13,1.0
0.6301,4.8805,3.075,1,05 2+ years,15,7.0
0.2397,4.8805,1.1697,0,02 3-6 months,13,2.0
0.3082,4.8805,1.5041,0,01 0-3 months,14,5.0
0.2334,4.8805,1.1393,1,05 2+ years,24,2.0
0.1726,4.8805,0.8423,0,03 6-12 months,27,1.0
0.3456,4.8805,1.6869,0,05 2+ years,17,1.0
0.9206,7.4219,6.8325,1,05 2+ years,11,9.0
0.9586,16.6348,15.9465,0,05 2+ years,2,17.0
0.1286,4.8805,0.6276,0,05 2+ years,28,1.0
0.4033,4.8805,1.9684,1,05 2+ years,10,5.0
0.212,4.8805,1.0347,0,04 1-2 years,24,1.0
0.5568,4.8805,2.7174,1,03 6-12 months,17,2.0
0.4188,4.8805,2.0438,0,03 6-12 months,28,1.0
0.199,4.8805,0.9711,0,05 2+ years,23,1.0
0.2106,4.8805,1.0278,1,05 2+ years,16,1.0
0.8219,4.8805,4.0111,1,05 2+ years,10,2.0
0.3196,4.8805,1.56,1,05 2+ years,22,1.0
0.1186,4.8805,0.5788,0,03 6-12 months,28,1.0
0.3889,4.8805,1.8982,0,05 2+ years,18,3.0
0.1265,4.8805,0.6176,0,05 2+ years,29,1.0
0.2635,4.8805,1.2859,1,05 2+ years,14,2.0
0.111,4.8805,0.5416,0,05 2+ years,28,1.0
0.8711,16.6348,14.4901,1,05 2+ years,11,2.0
0.5442,4.8805,2.6561,0,04 1-2 years,29,1.0
0.4039,4.8805,1.9713,1,01 0-3 months,19,4.0
0.2659,4.8805,1.2978,0,01 0-3 months,16,1.0
0.8835,16.6348,14.6975,1,04 1-2 years,24,1.0
0.83,16.6348,13.8069,1,05 2+ years,10,1.0
0.2196,4.8805,1.0719,0,05 2+ years,19,2.0
0.2711,4.8805,1.3231,0,05 2+ years,29,1.0
0.1678,4.8805,0.8192,0,05 2+ years,25,1.0
0.5591,3.5253,1.971,0,05 2+ years,29,1.0
0.2814,4.8805,1.3735,0,04 1-2 years,24,1.0
0.274,4.8805,1.3375,0,04 1-2 years,24,1.0
0.3274,4.8805,1.5978,1,05 2+ years,20,5.0
0.9158,16.6348,15.2348,1,01 0-3 months,0,
0.1225,4.8805,0.5978,0,04 1-2 years,20,1.0
0.3498,4.8805,1.7074,0,03 6-12 months,24,1.0
0.7924,7.4219,5.8809,1,04 1-2 years,15,1.0
0.2885,4.8805,1.4078,0,05 2+ years,29,2.0
0.156,4.8805,0.7616,0,05 2+ years,30,1.0
0.3063,4.8805,1.4947,0,04 1-2 years,19,2.0
0.2056,4.8805,1.0037,0,05 2+ years,26,1.0
0.6541,3.5253,2.3059,0,03 6-12 months,19,1.0
0.3184,4.8805,1.554,0,03 6-12 months,12,3.0
0.1672,4.8805,0.8162,1,04 1-2 years,21,1.0
0.0889,4.8805,0.4336,1,04 1-2 years,28,1.0
0.2397,4.8805,1.17,0,04 1-2 years,27,1.0
0.2571,4.8805,1.2546,0,05 2+ years,11,1.0
0.9081,3.5253,3.2013,1,04 1-2 years,2,26.0
0.2307,4.8805,1.126,0,02 3-6 months,20,3.0
0.8173,16.6348,13.5949,0,04 1-2 years,15,2.0
0.5309,4.8805,2.5909,0,03 6-12 months,11,9.0
0.1935,4.8805,0.9442,0,05 2+ years,30,1.0
0.2338,4.8805,1.1412,1,05 2+ years,20,2.0
0.3556,4.8805,1.7356,0,05 2+ years,25,1.0
0.9446,7.4219,7.0109,1,05 2+ years,27,1.0
0.3789,4.8805,1.8494,0,05 2+ years,17,1.0
0.1926,4.8805,0.9399,0,05 2+ years,27,1.0
0.8435,7.4219,6.2606,0,03 6-12 months,27,2.0
0.1192,4.8805,0.5817,0,03 6-12 months,30,1.0
0.7131,7.4219,5.2927,1,05 2+ years,30,1.0
0.1991,4.8805,0.9717,0,04 1-2 years,26,1.0
0.8942,7.4219,6.6368,0,04 1-2 years,4,16.0
0.1649,4.8805,0.805,1,05 2+ years,23,1.0
0.1822,4.8805,0.8893,0,05 2+ years,28,1.0
0.4581,4.8805,2.2356,1,02 3-6 months,17,2.0
0.2753,4.8805,1.3436,0,05 2+ years,12,2.0
0.8778,3.5253,3.0944,1,01 0-3 months,6,1.0
0.1751,4.8805,0.8547,0,05 2+ years,21,1.0
0.266,4.8805,1.2983,1,05 2+ years,27,1.0
0.3378,4.8805,1.6488,0,05 2+ years,19,1.0
0.2558,4.8805,1.2482,0,04 1-2 years,17,1.0
0.1777,4.8805,0.8675,0,05 2+ years,30,1.0
0.1517,4.8805,0.7404,0,05 2+ years,30,1.0
0.1891,4.8805,0.923,0,03 6-12 months,27,1.0
0.2491,4.8805,1.2157,0,03 6-12 months,23,1.0
0.6688,4.8805,3.2641,0,05 2+ years,13,15.0
0.1678,4.8805,0.8191,0,05 2+ years,30,1.0
0.5263,4.8805,2.5687,0,05 2+ years,15,2.0
0.837,16.6348,13.9225,1,05 2+ years,30,1.0
0.1207,4.8805,0.5891,1,05 2+ years,30,1.0
0.15,4.8805,0.7322,0,03 6-12 months,30,1.0
0.8292,16.6348,13.7937,1,05 2+ years,30,1.0
0.8546,7.4219,6.3424,1,05 2+ years,30,1.0
0.1628,4.8805,0.7946,0,04 1-2 years,29,1.0
0.1797,4.8805,0.8769,0,05 2+ years,27,1.0
0.3119,4.8805,1.5224,1,04 1-2 years,8,10.0
0.1539,4.8805,0.7512,0,04 1-2 years,30,1.0
0.3726,4.8805,1.8183,1,04 1-2 years,20,1.0
0.1956,4.8805,0.9549,0,02 3-6 months,16,3.0
0.4681,4.8805,2.2845,1,03 6-12 months,17,1.0
0.8669,16.6348,14.4212,0,04 1-2 years,17,3.0
0.2132,4.8805,1.0405,1,05 2+ years,28,1.0
0.8738,16.6348,14.535,1,05 2+ years,13,2.0
0.6248,4.8805,3.0495,1,03 6-12 months,12,6.0
0.6945,3.5253,2.4483,0,03 6-12 months,30,1.0
0.2348,4.8805,1.1459,1,04 1-2 years,13,3.0
0.9175,16.6348,15.2626,1,05 2+ years,14,3.0
0.3101,4.8805,1.5133,1,01 0-3 months,15,1.0
0.7903,7.4219,5.8652,0,05 2+ years,11,2.0
0.2589,4.8805,1.2637,1,05 2+ years,11,1.0
0.1632,4.8805,0.7967,1,05 2+ years,28,1.0
0.1457,4.8805,0.7111,0,05 2+ years,29,1.0
0.2015,4.8805,0.9833,0,04 1-2 years,26,1.0
0.504,4.8805,2.4597,1,05 2+ years,23,2.0
0.2772,4.8805,1.3528,1,01 0-3 months,24,1.0
0.4041,4.8805,1.9724,0,05 2+ years,13,1.0
0.9556,7.4219,7.0924,1,05 2+ years,20,1.0
0.8692,7.4219,6.4512,1,05 2+ years,24,1.0
0.779,16.6348,12.9579,1,05 2+ years,16,1.0
0.4714,4.8805,2.3004,0,01 0-3 months,16,2.0
0.212,4.8805,1.0345,0,05 2+ years,27,1.0
0.3266,4.8805,1.5939,1,05 2+ years,30,1.0
0.8319,7.4219,6.1745,1,05 2+ years,23,1.0
0.1303,4.8805,0.6361,1,05 2+ years,30,1.0
0.4489,4.8805,2.1907,0,05 2+ years,24,2.0
0.3004,4.8805,1.4663,0,01 0-3 months,20,1.0
0.2229,4.8805,1.0877,0,04 1-2 years,12,2.0
0.4027,4.8805,1.9652,1,04 1-2 years,30,1.0
0.1384,4.8805,0.6754,0,05 2+ years,29,1.0
0.9402,7.4219,6.9782,1,03 6-12 months,12,3.0
0.8409,7.4219,6.2414,1,03 6-12 months,18,3.0
0.2611,4.8805,1.2743,0,02 3-6 months,17,3.0
0.7896,3.5253,2.7836,0,04 1-2 years,13,1.0
0.3137,4.8805,1.5309,1,04 1-2 years,15,2.0
0.8181,16.6348,13.6087,1,04 1-2 years,26,2.0
0.1586,4.8805,0.7739,0,04 1-2 years,26,2.0
0.1369,4.8805,0.6681,1,04 1-2 years,22,1.0
0.2559,4.8805,1.2487,0,04 1-2 years,22,1.0
0.8208,3.5253,2.8936,1,02 3-6 months,16,1.0
0.2644,4.8805,1.2904,0,04 1-2 years,17,2.0
0.5204,4.8805,2.5398,1,02 3-6 months,23,3.0
0.2339,4.8805,1.1415,0,04 1-2 years,11,1.0
0.8379,16.6348,13.9377,1,04 1-2 years,25,1.0
0.7865,7.4219,5.8377,0,05 2+ years,30,1.0
0.1408,4.8805,0.6871,0,05 2+ years,29,1.0
0.4686,4.8805,2.287,1,05 2+ years,24,1.0
0.1752,4.8805,0.8549,0,05 2+ years,21,1.0
0.859,7.4219,6.3756,1,05 2+ years,17,1.0
0.8075,3.5253,2.8465,1,04 1-2 years,7,3.0
0.2255,4.8805,1.1006,0,04 1-2 years,13,2.0
0.3636,4.8805,1.7748,0,05 2+ years,16,2.0
0.34,4.8805,1.6592,1,05 2+ years,28,1.0
0.1832,4.8805,0.8943,0,05 2+ years,26,1.0
0.2959,4.8805,1.4444,0,03 6-12 months,5,1.0
0.5415,3.5253,1.9089,1,05 2+ years,13,4.0
0.2392,4.8805,1.1673,0,05 2+ years,29,1.0
0.1548,4.8805,0.7555,0,05 2+ years,26,1.0
0.3427,4.8805,1.6723,0,04 1-2 years,20,1.0
0.2352,4.8805,1.1477,0,04 1-2 years,29,1.0
0.3382,4.8805,1.6504,0,05 2+ years,19,1.0
0.564,4.8805,2.7525,0,04 1-2 years,10,7.0
0.8437,16.6348,14.0354,1,05 2+ years,28,1.0
0.2201,4.8805,1.0741,1,05 2+ years,21,1.0
0.4826,7.4219,3.5818,0,05 2+ years,24,1.0
0.1516,4.8805,0.7401,1,05 2+ years,21,1.0
0.7186,4.8805,3.5073,1,05 2+ years,7,13.0
0.7468,7.4219,5.5423,1,04 1-2 years,28,1.0
0.091,4.8805,0.4443,0,04 1-2 years,30,1.0
0.4197,4.8805,2.0485,0,03 6-12 months,15,9.0
0.4646,3.5253,1.6379,1,03 6-12 months,25,1.0
0.8934,16.6348,14.8623,1,05 2+ years,6,1.0
0.1887,4.8805,0.9209,1,05 2+ years,25,1.0
0.224,4.8805,1.0932,1,05 2+ years,28,1.0
0.1671,4.8805,0.8154,0,05 2+ years,29,1.0
0.1901,4.8805,0.9277,0,05 2+ years,21,3.0
0.3554,4.8805,1.7346,0,05 2+ years,30,1.0
0.5144,4.8805,2.5104,0,05 2+ years,22,1.0
0.1324,4.8805,0.6463,1,03 6-12 months,22,2.0
0.4143,4.8805,2.022,1,04 1-2 years,14,4.0
0.2085,4.8805,1.0177,0,05 2+ years,27,1.0
0.2822,4.8805,1.3775,0,05 2+ years,28,1.0
0.8509,16.6348,14.1545,0,05 2+ years,30,1.0
0.2566,4.8805,1.2523,0,05 2+ years,29,1.0
0.2351,4.8805,1.1476,0,05 2+ years,13,2.0
0.3924,4.8805,1.915,0,01 0-3 months,9,4.0
0.1544,4.8805,0.7538,0,04 1-2 years,27,2.0
0.8549,3.5253,3.0139,1,02 3-6 months,21,1.0
0.1224,4.8805,0.5972,0,04 1-2 years,30,1.0
0.2395,4.8805,1.1691,0,02 3-6 months,19,1.0
0.2136,4.8805,1.0423,0,02 3-6 months,19,3.0
0.2024,4.8805,0.9877,1,01 0-3 months,28,1.0
0.7826,16.6348,13.019,1,05 2+ years,29,1.0
0.1722,4.8805,0.8405,1,05 2+ years,25,1.0
0.1584,4.8805,0.773,0,05 2+ years,30,1.0
0.455,4.8805,2.2208,0,01 0-3 months,13,8.0
0.2311,4.8805,1.1281,1,04 1-2 years,30,1.0
0.8132,16.6348,13.5282,0,04 1-2 years,30,1.0
0.2416,4.8805,1.1789,0,05 2+ years,17,1.0
0.8252,3.5253,2.9091,1,04 1-2 years,26,1.0
0.3699,4.8805,1.8053,0,05 2+ years,1,5.0
0.1421,4.8805,0.6936,0,05 2+ years,28,1.0
0.8137,16.6348,13.5365,1,04 1-2 years,4,5.0
0.5805,4.8805,2.8329,0,05 2+ years,5,19.0
0.155,4.8805,0.7566,0,04 1-2 years,29,1.0
0.3162,4.8805,1.543,1,05 2+ years,16,2.0
0.2369,4.8805,1.1563,0,05 2+ years,10,1.0
0.1333,4.8805,0.6505,0,05 2+ years,29,1.0
0.3759,4.8805,1.8345,0,05 2+ years,27,1.0
0.2036,4.8805,0.9936,0,04 1-2 years,24,1.0
0.173,4.8805,0.8443,0,02 3-6 months,26,1.0
0.8454,16.6348,14.0627,1,05 2+ years,18,3.0
0.8362,3.5253,2.9477,1,03 6-12 months,30,1.0
0.3741,4.8805,1.8258,0,05 2+ years,15,2.0
0.2101,4.8805,1.0256,0,05 2+ years,15,1.0
0.1928,4.8805,0.9412,0,03 6-12 months,11,3.0
0.5004,3.5253,1.7642,1,03 6-12 months,6,1.0
0.1681,4.8805,0.8203,0,05 2+ years,24,2.0
0.1837,4.8805,0.8966,0,05 2+ years,27,1.0
0.2175,4.8805,1.0615,1,05 2+ years,27,1.0
0.4241,4.8805,2.0698,1,05 2+ years,9,1.0
0.2563,4.8805,1.251,1,05 2+ years,29,1.0
0.2343,4.8805,1.1437,0,05 2+ years,29,1.0
0.2522,4.8805,1.2306,0,05 2+ years,23,1.0
0.8734,7.4219,6.4825,1,05 2+ years,22,1.0
0.148,4.8805,0.7224,0,04 1-2 years,27,1.0
0.2786,4.8805,1.3598,0,05 2+ years,27,1.0
0.1246,4.8805,0.6079,0,05 2+ years,30,1.0
0.2244,4.8805,1.0951,1,05 2+ years,27,1.0
0.1706,4.8805,0.8329,0,05 2+ years,29,1.0
0.2327,4.8805,1.1355,1,01 0-3 months,29,1.0
0.1423,4.8805,0.6944,0,05 2+ years,30,1.0
0.1699,4.8805,0.8293,0,04 1-2 years,25,1.0
0.9686,7.4219,7.1891,0,05 2+ years,0,
0.1955,4.8805,0.9542,0,05 2+ years,20,1.0
0.1752,4.8805,0.8548,1,04 1-2 years,23,1.0
0.1494,4.8805,0.7291,0,04 1-2 years,30,1.0
0.8311,3.5253,2.9298,1,01 0-3 months,12,2.0
0.3312,4.8805,1.6166,1,05 2+ years,30,1.0
0.6329,4.8805,3.089,1,01 0-3 months,8,4.0
0.5518,4.8805,2.6929,1,02 3-6 months,11,5.0
0.254,4.8805,1.2398,0,05 2+ years,25,1.0
0.238,4.8805,1.1614,0,01 0-3 months,30,1.0
0.9051,16.6348,15.0569,1,05 2+ years,15,2.0
0.786,4.8805,3.8359,1,05 2+ years,18,2.0
0.3513,4.8805,1.7144,1,05 2+ years,29,1.0
0.1718,4.8805,0.8383,0,04 1-2 years,16,1.0
0.2057,4.8805,1.004,0,03 6-12 months,30,1.0
0.1557,4.8805,0.7598,0,03 6-12 months,27,1.0
0.3452,4.8805,1.6846,0,04 1-2 years,15,1.0
0.8277,3.5253,2.918,1,04 1-2 years,8,2.0
0.9756,16.6348,16.2283,1,04 1-2 years,0,
0.619,7.4219,4.5938,1,05 2+ years,3,6.0
0.5116,4.8805,2.4967,1,03 6-12 months,21,4.0
0.8831,7.4219,6.5544,1,04 1-2 years,13,7.0
0.968,16.6348,16.1024,1,05 2+ years,0,
0.8744,16.6348,14.5454,1,05 2+ years,22,2.0
0.8612,7.4219,6.3921,1,04 1-2 years,17,1.0
0.5925,3.5253,2.0888,1,05 2+ years,27,1.0
0.1621,4.8805,0.7913,0,04 1-2 years,23,1.0
0.2086,4.8805,1.0179,1,04 1-2 years,17,3.0
0.1472,4.8805,0.7184,0,03 6-12 months,6,2.0
0.9008,16.6348,14.985,1,05 2+ years,25,1.0
0.2823,4.8805,1.3778,0,05 2+ years,30,1.0
0.2632,4.8805,1.2847,1,03 6-12 months,17,4.0
0.9694,7.4219,7.1945,1,03 6-12 months,0,
0.1743,4.8805,0.8506,0,05 2+ years,29,1.0
0.8921,7.4219,6.6207,1,05 2+ years,9,10.0
0.6704,16.6348,11.1522,0,05 2+ years,13,1.0
0.2554,4.8805,1.2463,0,03 6-12 months,25,1.0
0.174,4.8805,0.849,0,05 2+ years,29,1.0
0.9126,7.4219,6.7736,0,05 2+ years,19,1.0
0.2486,4.8805,1.2133,0,05 2+ years,23,1.0
0.8665,3.5253,3.0547,1,01 0-3 months,5,1.0
0.2919,4.8805,1.4246,0,04 1-2 years,9,5.0
0.4147,4.8805,2.0241,1,05 2+ years,14,2.0
0.7583,4.8805,3.7008,0,02 3-6 months,4,8.0
0.8113,16.6348,13.4962,1,05 2+ years,2,26.0
0.2818,4.8805,1.3752,0,04 1-2 years,16,2.0
0.2654,4.8805,1.2951,0,04 1-2 years,17,8.0
0.1351,4.8805,0.6595,0,05 2+ years,30,1.0
0.9601,7.4219,7.126,1,05 2+ years,26,1.0
0.4231,4.8805,2.0651,0,04 1-2 years,24,1.0
0.1414,4.8805,0.6901,0,03 6-12 months,12,1.0
0.7689,16.6348,12.7907,0,04 1-2 years,19,1.0
0.8768,16.6348,14.586,1,05 2+ years,27,1.0
0.9342,3.5253,3.2934,1,05 2+ years,3,5.0
0.8722,7.4219,6.4735,1,05 2+ years,15,3.0
0.2157,4.8805,1.0526,0,04 1-2 years,29,1.0
0.1771,4.8805,0.8642,0,04 1-2 years,24,1.0
0.4583,4.8805,2.2368,1,04 1-2 years,21,2.0
0.3086,4.8805,1.5061,1,04 1-2 years,28,1.0
0.1237,4.8805,0.6038,0,05 2+ years,26,1.0
0.5287,7.4219,3.9241,1,05 2+ years,27,1.0
0.6127,4.8805,2.9905,1,03 6-12 months,16,14.0
0.1694,4.8805,0.8266,1,04 1-2 years,28,1.0
0.3447,4.8805,1.6825,1,02 3-6 months,18,1.0
0.1237,4.8805,0.6035,0,04 1-2 years,30,1.0
0.2334,4.8805,1.1391,0,01 0-3 months,26,1.0
0.2722,4.8805,1.3284,1,05 2+ years,3,10.0
0.5474,4.8805,2.6716,0,02 3-6 months,10,4.0
0.139,4.8805,0.6784,0,05 2+ years,29,1.0
0.4066,4.8805,1.9846,1,05 2+ years,25,1.0
0.8106,7.4219,6.0159,1,04 1-2 years,18,1.0
0.817,0.048,0.0392,1,05 2+ years,29,1.0
0.8765,7.4219,6.5053,0,05 2+ years,3,11.0
0.9572,7.4219,7.1042,1,05 2+ years,8,1.0
0.8514,16.6348,14.1635,1,05 2+ years,30,1.0
0.3293,4.8805,1.6071,0,05 2+ years,30,1.0
0.1451,4.8805,0.7083,0,03 6-12 months,30,1.0
0.8267,3.5253,2.9145,1,05 2+ years,9,1.0
0.1391,4.8805,0.679,0,04 1-2 years,27,1.0
0.4188,4.8805,2.0438,0,05 2+ years,24,1.0
0.1854,4.8805,0.9047,1,02 3-6 months,27,1.0
0.3757,4.8805,1.8337,0,05 2+ years,15,1.0
0.1606,4.8805,0.7836,1,05 2+ years,19,1.0
0.218,4.8805,1.0637,0,04 1-2 years,19,1.0
0.3122,4.8805,1.5238,1,05 2+ years,22,2.0
0.1527,4.8805,0.745,0,05 2+ years,30,1.0
0.1923,4.8805,0.9387,1,04 1-2 years,15,1.0
0.1175,4.8805,0.5736,0,05 2+ years,30,1.0
0.9441,7.4219,7.0066,1,05 2+ years,13,2.0
0.189,4.8805,0.9224,0,05 2+ years,25,2.0
0.1568,4.8805,0.7652,0,05 2+ years,29,1.0
0.4241,4.8805,2.0697,0,02 3-6 months,23,1.0
0.1625,4.8805,0.7931,1,05 2+ years,23,1.0
0.3363,4.8805,1.6411,1,05 2+ years,23,1.0
0.3135,4.8805,1.5299,1,02 3-6 months,19,2.0
0.3702,4.8805,1.8067,0,05 2+ years,12,1.0
0.2233,4.8805,1.0898,0,05 2+ years,17,1.0
0.3263,4.8805,1.5924,0,01 0-3 months,18,3.0
0.1795,4.8805,0.8761,0,03 6-12 months,21,1.0
0.3778,4.8805,1.8436,1,01 0-3 months,27,1.0
0.1079,4.8805,0.5268,0,05 2+ years,30,1.0
0.9597,7.4219,7.1226,1,05 2+ years,7,8.0
0.3638,4.8805,1.7754,0,01 0-3 months,16,1.0
0.2731,4.8805,1.3328,0,04 1-2 years,27,1.0
0.9089,16.6348,15.1191,0,05 2+ years,22,1.0
0.9381,7.4219,6.9624,1,05 2+ years,29,1.0
0.1628,4.8805,0.7947,0,03 6-12 months,27,1.0
0.153,4.8805,0.7467,0,05 2+ years,29,1.0
0.5992,4.8805,2.9243,1,05 2+ years,8,7.0
0.1557,4.8805,0.7599,0,05 2+ years,30,1.0
0.4802,4.8805,2.3438,0,02 3-6 months,12,3.0
0.2746,4.8805,1.3402,1,04 1-2 years,30,1.0
0.257,4.8805,1.2545,0,05 2+ years,16,2.0
0.3006,4.8805,1.4671,0,03 6-12 months,21,1.0
0.354,4.8805,1.7275,1,01 0-3 months,14,3.0
0.2945,4.8805,1.4374,0,05 2+ years,27,1.0
0.6796,4.8805,3.3166,1,05 2+ years,23,3.0
0.2827,4.8805,1.3799,0,05 2+ years,18,1.0
0.5421,4.8805,2.6455,0,01 0-3 months,22,1.0
0.3014,4.8805,1.471,0,03 6-12 months,23,1.0
0.332,4.8805,1.6205,1,03 6-12 months,12,2.0
0.9011,16.6348,14.9902,0,05 2+ years,22,3.0
0.2753,4.8805,1.3438,0,05 2+ years,7,1.0
0.1392,4.8805,0.6794,1,05 2+ years,23,1.0
0.8372,7.4219,6.2133,1,04 1-2 years,28,1.0
0.1654,4.8805,0.8075,0,05 2+ years,25,1.0
0.1971,4.8805,0.9619,1,05 2+ years,23,1.0
0.2563,4.8805,1.251,0,05 2+ years,16,1.0
0.2124,4.8805,1.0369,1,05 2+ years,28,1.0
0.2935,4.8805,1.4327,1,02 3-6 months,19,3.0
0.8557,16.6348,14.2342,1,05 2+ years,18,6.0
0.8751,16.6348,14.5566,1,04 1-2 years,24,1.0
0.9521,16.6348,15.8373,1,05 2+ years,3,1.0
0.2005,4.8805,0.9786,0,01 0-3 months,28,1.0
0.4565,4.8805,2.228,1,04 1-2 years,21,3.0
0.199,4.8805,0.971,0,04 1-2 years,29,1.0
0.1799,4.8805,0.8779,0,04 1-2 years,30,1.0
0.2328,4.8805,1.1362,0,03 6-12 months,19,2.0
0.2486,4.8805,1.2131,0,01 0-3 months,27,1.0
0.8112,7.4219,6.0205,1,05 2+ years,15,1.0
0.8986,16.6348,14.9485,1,05 2+ years,20,4.0
0.1656,4.8805,0.8084,0,04 1-2 years,23,1.0
0.2343,4.8805,1.1436,1,05 2+ years,18,4.0
0.3139,4.8805,1.532,0,05 2+ years,30,1.0
0.3742,4.8805,1.8262,1,01 0-3 months,16,1.0
0.9596,7.4219,7.1223,1,05 2+ years,10,1.0
0.1947,4.8805,0.9502,1,05 2+ years,25,1.0
0.1657,4.8805,0.8086,0,04 1-2 years,27,1.0
0.2801,4.8805,1.3669,1,05 2+ years,18,1.0
0.2618,4.8805,1.2779,0,05 2+ years,30,1.0
0.2292,4.8805,1.1184,0,04 1-2 years,26,2.0
0.1535,4.8805,0.7492,0,05 2+ years,26,1.0
0.413,4.8805,2.0158,0,05 2+ years,26,1.0
0.2207,4.8805,1.0773,0,05 2+ years,19,2.0
0.4675,4.8805,2.2814,0,04 1-2 years,5,10.0
0.2118,4.8805,1.0339,1,04 1-2 years,30,1.0
0.1595,4.8805,0.7786,0,05 2+ years,28,1.0
0.6296,4.8805,3.0728,1,04 1-2 years,28,2.0
0.185,4.8805,0.9027,0,05 2+ years,27,1.0
0.8924,16.6348,14.8453,1,05 2+ years,24,1.0
0.206,4.8805,1.0053,0,01 0-3 months,23,1.0
0.2337,4.8805,1.1407,0,04 1-2 years,12,2.0
0.2564,4.8805,1.2512,0,04 1-2 years,9,1.0
0.2397,4.8805,1.17,1,03 6-12 months,17,1.0
0.7998,7.4219,5.9361,1,03 6-12 months,22,1.0
0.416,4.8805,2.0304,0,02 3-6 months,19,2.0
0.1609,4.8805,0.7854,0,05 2+ years,29,1.0
0.1799,4.8805,0.8778,0,03 6-12 months,21,1.0
0.1902,4.8805,0.9282,0,05 2+ years,19,1.0
0.192,4.8805,0.937,0,05 2+ years,29,1.0
0.8591,16.6348,14.2902,1,05 2+ years,27,1.0
0.8725,16.6348,14.514,1,05 2+ years,10,3.0
0.1366,4.8805,0.6668,0,05 2+ years,29,1.0
0.8078,7.4219,5.9956,0,04 1-2 years,18,1.0
0.2099,4.8805,1.0242,0,05 2+ years,27,1.0
0.3465,4.8805,1.691,1,05 2+ years,18,2.0
0.3113,4.8805,1.5191,1,04 1-2 years,12,5.0
0.8783,16.6348,14.6102,1,05 2+ years,29,2.0
0.171,4.8805,0.8344,0,03 6-12 months,27,1.0
0.1936,4.8805,0.945,1,02 3-6 months,21,1.0
0.1776,4.8805,0.8667,0,05 2+ years,18,2.0
0.2816,4.8805,1.3743,0,01 0-3 months,30,1.0
0.2255,4.8805,1.1007,0,03 6-12 months,23,2.0
0.8313,16.6348,13.828,1,05 2+ years,21,2.0
0.2487,4.8805,1.214,0,03 6-12 months,21,1.0
0.3779,4.8805,1.8445,1,02 3-6 months,22,1.0
0.2121,4.8805,1.0354,1,05 2+ years,28,1.0
0.1614,4.8805,0.7877,0,03 6-12 months,30,1.0
0.1895,4.8805,0.9249,1,03 6-12 months,26,3.0
0.1593,4.8805,0.7777,0,05 2+ years,25,1.0
0.8274,7.4219,6.1408,1,05 2+ years,23,1.0
0.2116,4.8805,1.0329,0,02 3-6 months,29,1.0
0.1569,4.8805,0.766,0,05 2+ years,19,2.0
0.5935,4.8805,2.8965,1,04 1-2 years,5,8.0
0.1627,4.8805,0.7942,0,04 1-2 years,26,1.0
0.1099,4.8805,0.5363,0,05 2+ years,30,1.0
0.1341,4.8805,0.6547,0,03 6-12 months,29,1.0
0.1583,4.8805,0.7725,0,05 2+ years,25,1.0
0.723,4.8805,3.5284,0,01 0-3 months,8,9.0
0.258,4.8805,1.2593,0,05 2+ years,28,1.0
0.1195,4.8805,0.5834,0,05 2+ years,29,1.0
0.859,7.4219,6.3753,1,05 2+ years,18,1.0
0.5325,3.5253,1.8774,1,04 1-2 years,22,1.0
0.4681,4.8805,2.2848,0,05 2+ years,10,3.0
0.8967,7.4219,6.6556,1,03 6-12 months,26,2.0
0.4586,4.8805,2.2384,0,04 1-2 years,8,13.0
0.1448,4.8805,0.7065,0,04 1-2 years,26,1.0
0.2423,4.8805,1.1827,0,05 2+ years,23,1.0
0.1801,4.8805,0.879,0,03 6-12 months,30,1.0
0.1758,4.8805,0.8582,0,05 2+ years,30,1.0
0.6618,4.8805,3.2301,1,04 1-2 years,11,14.0
0.1551,4.8805,0.7569,1,04 1-2 years,28,1.0
0.124,4.8805,0.6054,0,04 1-2 years,29,1.0
0.1781,4.8805,0.8692,0,05 2+ years,16,1.0
0.5847,4.8805,2.8537,1,04 1-2 years,9,10.0
0.4085,4.8805,1.9937,1,01 0-3 months,27,1.0
0.1734,4.8805,0.8461,0,04 1-2 years,29,1.0
0.4564,4.8805,2.2275,0,03 6-12 months,23,1.0
0.374,4.8805,1.8252,1,05 2+ years,11,1.0
0.163,4.8805,0.7955,0,04 1-2 years,28,1.0
0.469,4.8805,2.289,1,04 1-2 years,23,1.0
0.2806,4.8805,1.3696,0,04 1-2 years,21,2.0
0.5493,4.8805,2.6809,1,05 2+ years,12,4.0
0.1542,4.8805,0.7524,0,05 2+ years,29,1.0
0.1743,4.8805,0.8504,0,05 2+ years,19,1.0
0.3101,4.8805,1.5137,1,05 2+ years,17,2.0
0.7222,3.5253,2.5459,1,05 2+ years,3,2.0
0.9457,7.4219,7.0191,1,05 2+ years,26,1.0
0.1352,4.8805,0.6599,0,04 1-2 years,25,1.0
0.55,4.8805,2.6842,0,03 6-12 months,25,1.0
0.2338,4.8805,1.1409,0,05 2+ years,27,1.0
0.1741,4.8805,0.8499,0,04 1-2 years,29,2.0
0.2717,4.8805,1.3261,0,05 2+ years,6,2.0
0.1981,4.8805,0.9669,0,05 2+ years,29,1.0
0.4189,4.8805,2.0443,0,03 6-12 months,30,1.0
0.2902,4.8805,1.4164,0,05 2+ years,14,2.0
0.1774,4.8805,0.866,0,05 2+ years,28,1.0
0.2711,4.8805,1.3229,0,05 2+ years,13,1.0
0.3624,4.8805,1.7688,0,05 2+ years,25,1.0
0.2515,4.8805,1.2274,0,04 1-2 years,28,1.0
0.7951,16.6348,13.2267,1,05 2+ years,3,1.0
0.2947,4.8805,1.4383,1,05 2+ years,21,1.0
0.1763,4.8805,0.8603,1,05 2+ years,29,1.0
0.2969,4.8805,1.449,0,05 2+ years,21,1.0
0.8488,4.8805,4.1427,0,04 1-2 years,8,17.0
0.2919,4.8805,1.4247,1,03 6-12 months,14,2.0
0.185,4.8805,0.9029,1,04 1-2 years,28,1.0
0.2573,4.8805,1.2559,0,03 6-12 months,28,1.0
0.4814,4.8805,2.3493,0,05 2+ years,27,1.0
0.8674,16.6348,14.4289,1,04 1-2 years,13,1.0
0.2069,4.8805,1.0095,0,05 2+ years,27,1.0
0.5035,4.8805,2.4576,0,05 2+ years,7,6.0
0.116,4.8805,0.566,0,05 2+ years,29,1.0
0.1678,4.8805,0.8189,0,04 1-2 years,29,1.0
0.2073,4.8805,1.0116,0,03 6-12 months,22,2.0
0.1578,4.8805,0.7702,0,04 1-2 years,27,1.0
0.2066,4.8805,1.0082,0,05 2+ years,26,1.0
0.3173,4.8805,1.5485,0,05 2+ years,19,2.0
0.1717,4.8805,0.8378,1,05 2+ years,30,1.0
0.7148,7.4219,5.3055,1,04 1-2 years,22,1.0
0.2457,4.8805,1.199,0,01 0-3 months,28,1.0
0.3543,4.8805,1.7292,0,05 2+ years,7,3.0
0.2418,4.8805,1.1799,0,05 2+ years,30,1.0
0.1695,4.8805,0.8273,0,05 2+ years,29,1.0
0.1904,4.8805,0.9295,0,05 2+ years,28,2.0
0.4845,4.8805,2.3648,0,02 3-6 months,25,1.0
0.8728,16.6348,14.5185,1,05 2+ years,14,1.0
0.3682,4.8805,1.7972,0,04 1-2 years,23,2.0
0.2765,4.8805,1.3495,0,04 1-2 years,22,3.0
0.1336,4.8805,0.6521,1,05 2+ years,26,1.0
0.2847,4.8805,1.3892,0,04 1-2 years,30,1.0
0.2183,4.8805,1.0655,0,05 2+ years,14,1.0
0.8567,16.6348,14.2511,1,05 2+ years,17,1.0
0.1544,4.8805,0.7534,0,05 2+ years,17,1.0
0.8587,3.5253,3.0273,1,04 1-2 years,22,1.0
0.2907,4.8805,1.4189,0,01 0-3 months,27,1.0
0.244,4.8805,1.191,0,05 2+ years,18,2.0
0.4454,4.8805,2.1736,0,04 1-2 years,9,1.0
0.1691,4.8805,0.8255,0,03 6-12 months,22,1.0
0.1591,4.8805,0.7767,1,05 2+ years,21,1.0
0.1661,4.8805,0.8108,1,04 1-2 years,27,1.0
0.3398,4.8805,1.6586,0,05 2+ years,20,2.0
0.9132,0.048,0.0438,1,01 0-3 months,0,
0.1731,4.8805,0.845,0,05 2+ years,22,3.0
0.1195,4.8805,0.5834,0,04 1-2 years,29,1.0
0.1537,4.8805,0.7501,0,05 2+ years,30,1.0
0.201,4.8805,0.9809,0,05 2+ years,25,1.0
0.5302,4.8805,2.5877,0,05 2+ years,1,30.0
0.9382,7.4219,6.9632,1,04 1-2 years,21,1.0
0.892,7.4219,6.6201,0,03 6-12 months,26,1.0
0.2452,4.8805,1.1969,0,02 3-6 months,20,1.0
0.1169,4.8805,0.5705,0,05 2+ years,27,1.0
0.9559,7.4219,7.0948,1,05 2+ years,21,1.0
0.1229,4.8805,0.5999,0,05 2+ years,26,1.0
0.1668,4.8805,0.8141,0,04 1-2 years,29,1.0
0.243,4.8805,1.186,0,05 2+ years,7,1.0
0.873,16.6348,14.5218,1,05 2+ years,5,2.0
0.5422,3.5253,1.9115,1,04 1-2 years,25,1.0
0.1852,4.8805,0.9039,0,05 2+ years,17,1.0
0.8006,16.6348,13.318,1,05 2+ years,26,1.0
0.2153,4.8805,1.0508,0,04 1-2 years,23,2.0
0.8116,4.8805,3.9612,1,05 2+ years,1,30.0
0.1781,4.8805,0.8693,0,05 2+ years,28,1.0
0.4629,4.8805,2.259,1,05 2+ years,17,1.0
0.3202,4.8805,1.5627,0,05 2+ years,10,6.0
0.4537,4.8805,2.2143,1,05 2+ years,16,1.0
0.249,4.8805,1.2152,0,02 3-6 months,30,1.0
0.1319,4.8805,0.6437,0,05 2+ years,30,1.0
0.2741,4.8805,1.3377,0,01 0-3 months,30,1.0
0.6988,0.048,0.0335,1,05 2+ years,22,1.0
0.2001,4.8805,0.9766,0,04 1-2 years,26,1.0
0.2191,4.8805,1.0693,0,05 2+ years,21,3.0
0.6978,4.8805,3.4057,1,02 3-6 months,0,
0.4141,4.8805,2.0212,0,05 2+ years,21,1.0
0.9047,4.8805,4.4152,1,04 1-2 years,1,30.0
0.8341,16.6348,13.8753,0,05 2+ years,22,3.0
0.3984,4.8805,1.9446,1,03 6-12 months,29,1.0
0.6077,3.5253,2.1423,0,05 2+ years,15,1.0
0.1507,4.8805,0.7357,0,05 2+ years,28,1.0
0.2033,4.8805,0.9921,0,04 1-2 years,30,1.0
0.8478,7.4219,6.2925,1,04 1-2 years,14,4.0
0.4535,4.8805,2.2133,0,01 0-3 months,27,1.0
0.8439,7.4219,6.2635,1,03 6-12 months,17,1.0
0.2356,4.8805,1.1499,0,05 2+ years,29,1.0
0.2601,4.8805,1.2695,1,03 6-12 months,14,6.0
0.2117,4.8805,1.0333,0,04 1-2 years,29,1.0
0.86,7.4219,6.3826,1,03 6-12 months,30,1.0
0.1411,4.8805,0.6887,0,05 2+ years,25,1.0
0.1504,4.8805,0.7338,0,04 1-2 years,17,1.0
0.8934,16.6348,14.861,1,05 2+ years,15,1.0
0.8684,7.4219,6.445,1,05 2+ years,9,6.0
0.6309,4.8805,3.0789,1,04 1-2 years,10,4.0
0.1962,4.8805,0.9575,0,05 2+ years,29,1.0
0.8092,7.4219,6.0061,1,04 1-2 years,26,1.0
0.2101,4.8805,1.0252,0,05 2+ years,28,2.0
0.2508,4.8805,1.2241,1,03 6-12 months,25,1.0
0.2188,4.8805,1.0677,0,04 1-2 years,25,1.0
0.932,16.6348,15.5033,1,05 2+ years,3,13.0
0.7159,4.8805,3.4939,0,03 6-12 months,6,3.0
0.4008,4.8805,1.956,0,01 0-3 months,27,1.0
0.8885,16.6348,14.7793,1,05 2+ years,23,1.0
0.8887,16.6348,14.7826,1,05 2+ years,27,1.0
0.6968,3.5253,2.4564,1,04 1-2 years,25,1.0
0.1716,4.8805,0.8376,0,05 2+ years,24,2.0
0.452,4.8805,2.2059,0,01 0-3 months,21,1.0
0.2205,4.8805,1.0759,0,01 0-3 months,20,1.0
0.8309,7.4219,6.1669,1,04 1-2 years,26,1.0
0.1494,4.8805,0.7293,0,05 2+ years,30,1.0
0.4817,4.8805,2.3511,0,05 2+ years,13,5.0
0.2105,4.8805,1.0273,0,05 2+ years,24,1.0
0.4748,4.8805,2.3171,1,05 2+ years,30,1.0
0.4246,4.8805,2.0724,1,05 2+ years,12,1.0
0.371,4.8805,1.8108,1,01 0-3 months,9,1.0
0.2968,4.8805,1.4487,0,01 0-3 months,24,1.0
0.1396,4.8805,0.6813,0,05 2+ years,28,1.0
0.143,4.8805,0.6979,0,04 1-2 years,30,1.0
0.3243,4.8805,1.583,1,05 2+ years,8,5.0
0.1335,4.8805,0.6513,0,05 2+ years,30,1.0
0.1098,4.8805,0.5359,0,05 2+ years,29,1.0
0.5551,4.8805,2.7089,0,05 2+ years,26,1.0
0.3842,4.8805,1.8752,1,01 0-3 months,29,1.0
0.8769,16.6348,14.5876,1,04 1-2 years,30,1.0
0.8696,3.5253,3.0654,1,03 6-12 months,16,1.0
0.9353,7.4219,6.9418,1,04 1-2 years,11,1.0
0.8745,7.4219,6.4907,1,05 2+ years,29,1.0
0.2063,4.8805,1.0068,0,05 2+ years,30,1.0
0.8635,16.6348,14.3634,1,05 2+ years,27,1.0
0.2348,4.8805,1.1461,0,05 2+ years,27,1.0
0.1841,4.8805,0.8987,0,05 2+ years,29,1.0
0.6265,4.8805,3.0575,0,05 2+ years,23,6.0
0.8193,3.5253,2.8883,1,04 1-2 years,21,1.0
0.2181,4.8805,1.0643,1,04 1-2 years,21,2.0
0.7433,4.8805,3.6276,0,05 2+ years,1,30.0
0.2847,4.8805,1.3894,0,05 2+ years,30,1.0
0.7375,3.5253,2.5998,0,05 2+ years,27,1.0
0.3876,4.8805,1.8918,1,05 2+ years,21,3.0
0.1925,4.8805,0.9397,0,05 2+ years,20,4.0
0.2422,4.8805,1.1823,0,05 2+ years,24,1.0
0.8767,7.4219,6.5068,1,05 2+ years,29,1.0
0.8995,16.6348,14.9631,1,05 2+ years,7,13.0
0.257,4.8805,1.2541,0,04 1-2 years,23,1.0
0.136,4.8805,0.6639,0,05 2+ years,26,1.0
0.6284,4.8805,3.0668,1,05 2+ years,21,2.0
0.9711,7.4219,7.2074,1,05 2+ years,0,
0.4413,4.8805,2.1537,0,03 6-12 months,14,2.0
0.2163,4.8805,1.0557,0,05 2+ years,15,1.0
0.2451,4.8805,1.1963,0,04 1-2 years,13,2.0
0.1894,4.8805,0.9244,1,04 1-2 years,29,1.0
0.1402,4.8805,0.6842,0,04 1-2 years,29,1.0
0.1736,4.8805,0.8471,0,05 2+ years,30,1.0
0.4362,4.8805,2.1291,0,01 0-3 months,17,1.0
0.8663,7.4219,6.4297,1,04 1-2 years,16,1.0
0.1453,4.8805,0.7092,0,05 2+ years,30,1.0
0.849,16.6348,14.1222,0,05 2+ years,26,2.0
0.8402,16.6348,13.9766,1,05 2+ years,22,1.0
0.3186,4.8805,1.5549,0,04 1-2 years,24,2.0
0.7519,16.6348,12.5083,1,05 2+ years,29,1.0
0.3061,4.8805,1.4939,0,01 0-3 months,29,1.0
0.2604,4.8805,1.2707,0,05 2+ years,13,2.0
0.284,4.8805,1.3859,0,04 1-2 years,23,2.0
0.843,16.6348,14.0227,0,05 2+ years,20,1.0
0.7746,16.6348,12.8857,1,05 2+ years,30,1.0
0.542,4.8805,2.6452,0,05 2+ years,20,1.0
0.1927,4.8805,0.9405,0,02 3-6 months,23,1.0
0.5359,4.8805,2.6153,1,05 2+ years,20,1.0
0.1136,4.8805,0.5545,0,05 2+ years,29,1.0
0.4531,4.8805,2.2113,0,05 2+ years,3,5.0
0.3131,4.8805,1.5282,1,04 1-2 years,12,1.0
0.766,7.4219,5.6852,1,03 6-12 months,19,2.0
0.1502,4.8805,0.7331,0,04 1-2 years,28,1.0
0.3221,4.8805,1.5718,0,05 2+ years,25,1.0
0.1773,4.8805,0.8651,0,05 2+ years,16,1.0
0.2789,4.8805,1.3609,0,02 3-6 months,11,5.0
0.6937,4.8805,3.3858,1,05 2+ years,11,1.0
0.4276,4.8805,2.0869,0,01 0-3 months,13,1.0
0.9588,7.4219,7.1161,1,05 2+ years,19,1.0
0.6193,4.8805,3.0223,1,05 2+ years,5,22.0
0.4807,4.8805,2.346,0,04 1-2 years,26,4.0
0.2771,4.8805,1.3526,0,02 3-6 months,12,5.0
0.1014,4.8805,0.4948,1,03 6-12 months,30,1.0
0.8355,7.4219,6.2013,1,05 2+ years,30,1.0
0.4272,4.8805,2.085,1,02 3-6 months,21,2.0
0.1602,4.8805,0.7818,0,03 6-12 months,28,1.0
0.2401,4.8805,1.1716,0,02 3-6 months,23,2.0
0.2558,4.8805,1.2484,0,05 2+ years,16,1.0
0.1486,4.8805,0.7251,0,05 2+ years,22,1.0
0.2511,4.8805,1.2257,0,05 2+ years,30,1.0
0.9037,3.5253,3.1857,1,05 2+ years,10,9.0
0.2495,4.8805,1.2175,0,05 2+ years,6,3.0
0.8085,7.4219,6.0004,1,03 6-12 months,18,2.0
0.2792,4.8805,1.3625,0,02 3-6 months,27,1.0
0.831,3.5253,2.9296,1,05 2+ years,0,
0.1431,4.8805,0.6982,0,05 2+ years,30,1.0
0.55,4.8805,2.6841,0,05 2+ years,16,2.0
0.1955,4.8805,0.9542,1,04 1-2 years,28,1.0
0.9576,7.4219,7.1071,1,05 2+ years,18,5.0
0.1347,4.8805,0.6572,1,05 2+ years,30,1.0
0.4776,4.8805,2.3311,0,04 1-2 years,11,12.0
0.9493,7.4219,7.0458,1,05 2+ years,25,1.0
0.1552,4.8805,0.7574,0,05 2+ years,30,1.0
0.3687,4.8805,1.7996,1,01 0-3 months,20,2.0
0.8011,3.5253,2.8241,1,04 1-2 years,9,2.0
0.3432,4.8805,1.6752,0,05 2+ years,28,1.0
0.8902,7.4219,6.6072,1,04 1-2 years,27,1.0
0.2667,4.8805,1.3015,1,05 2+ years,8,1.0
0.199,4.8805,0.9712,0,05 2+ years,29,1.0
0.7754,3.5253,2.7334,0,01 0-3 months,30,1.0
0.9482,4.8805,4.6276,1,01 0-3 months,0,
0.9288,7.4219,6.8934,1,05 2+ years,18,1.0
0.257,4.8805,1.2541,1,03 6-12 months,24,1.0
0.1277,4.8805,0.6231,0,05 2+ years,21,1.0
0.2236,4.8805,1.0912,0,05 2+ years,28,1.0
0.2355,4.8805,1.1492,0,05 2+ years,29,1.0
0.4287,4.8805,2.0921,1,02 3-6 months,21,2.0
0.5107,4.8805,2.4927,0,03 6-12 months,27,3.0
0.2618,4.8805,1.2778,0,05 2+ years,24,2.0
0.4411,4.8805,2.1529,0,05 2+ years,10,12.0
0.2223,4.8805,1.0848,1,05 2+ years,27,1.0
0.8673,7.4219,6.4372,1,05 2+ years,18,2.0
0.1614,4.8805,0.788,0,05 2+ years,30,1.0
0.7938,7.4219,5.8915,1,05 2+ years,29,1.0
0.1466,4.8805,0.7156,0,04 1-2 years,23,2.0
0.8046,7.4219,5.9718,1,03 6-12 months,30,1.0
0.1753,4.8805,0.8556,1,05 2+ years,29,1.0
0.3201,4.8805,1.5624,0,05 2+ years,23,1.0
0.9355,16.6348,15.5624,1,05 2+ years,14,10.0
0.1699,4.8805,0.8291,0,05 2+ years,29,1.0
0.9218,7.4219,6.8412,1,03 6-12 months,30,1.0
0.173,4.8805,0.8444,0,05 2+ years,23,1.0
0.2969,4.8805,1.449,0,01 0-3 months,24,1.0
0.8132,7.4219,6.0351,1,05 2+ years,27,1.0
0.1987,4.8805,0.9696,0,05 2+ years,22,1.0
0.7864,16.6348,13.0823,1,05 2+ years,20,1.0
0.6028,3.5253,2.1249,1,04 1-2 years,10,4.0
0.3789,4.8805,1.8494,0,05 2+ years,29,1.0
0.1361,4.8805,0.6641,0,04 1-2 years,30,1.0
0.1611,4.8805,0.7862,0,02 3-6 months,30,1.0
0.2253,4.8805,1.0995,0,04 1-2 years,27,2.0
0.7746,16.6348,12.8854,1,05 2+ years,14,1.0
0.2493,4.8805,1.2167,0,04 1-2 years,25,1.0
0.3909,4.8805,1.908,0,05 2+ years,30,1.0
0.1884,4.8805,0.9194,1,04 1-2 years,29,1.0
0.199,4.8805,0.9712,0,04 1-2 years,29,1.0
0.4298,4.8805,2.0978,0,01 0-3 months,27,1.0
0.5026,4.8805,2.4529,0,05 2+ years,10,10.0
0.2248,4.8805,1.0973,0,02 3-6 months,16,1.0
0.2559,4.8805,1.2491,0,05 2+ years,6,3.0
0.1618,4.8805,0.7898,0,04 1-2 years,18,1.0
0.6219,3.5253,2.1922,1,05 2+ years,30,1.0
0.253,4.8805,1.2346,1,05 2+ years,23,1.0
0.2285,4.8805,1.1151,1,05 2+ years,13,2.0
0.229,4.8805,1.1175,1,05 2+ years,17,1.0
0.2819,4.8805,1.3759,1,02 3-6 months,29,1.0
0.303,4.8805,1.4787,0,05 2+ years,15,2.0
0.2982,4.8805,1.4553,1,05 2+ years,28,1.0
0.1603,4.8805,0.7825,0,05 2+ years,29,1.0
0.2457,4.8805,1.1992,0,05 2+ years,25,1.0
0.4616,4.8805,2.253,1,05 2+ years,24,2.0
0.1999,4.8805,0.9758,0,04 1-2 years,10,2.0
0.9139,7.4219,6.7829,1,05 2+ years,16,1.0
0.2066,4.8805,1.0082,0,05 2+ years,18,1.0
0.2988,4.8805,1.4584,0,01 0-3 months,26,1.0
0.1994,4.8805,0.9733,0,04 1-2 years,24,1.0
0.6689,4.8805,3.2648,1,05 2+ years,20,2.0
0.1302,4.8805,0.6356,0,05 2+ years,27,1.0
0.1266,4.8805,0.6181,0,04 1-2 years,20,1.0
0.7631,3.5253,2.6903,0,02 3-6 months,24,1.0
0.7674,7.4219,5.6957,1,03 6-12 months,28,1.0
0.8649,16.6348,14.387,1,05 2+ years,25,1.0
0.481,4.8805,2.3477,1,05 2+ years,14,3.0
0.1206,4.8805,0.5887,1,05 2+ years,28,1.0
0.8906,16.6348,14.8151,1,04 1-2 years,8,3.0
0.4192,4.8805,2.046,0,05 2+ years,25,1.0
0.4523,4.8805,2.2072,0,05 2+ years,27,1.0
0.1819,4.8805,0.8876,0,05 2+ years,27,1.0
0.3381,4.8805,1.65,0,05 2+ years,12,1.0
0.3675,4.8805,1.7937,1,05 2+ years,26,1.0
0.1461,4.8805,0.7131,0,04 1-2 years,29,1.0
0.8812,16.6348,14.658,1,04 1-2 years,21,3.0
0.4985,4.8805,2.4327,1,05 2+ years,29,1.0
0.3356,4.8805,1.6378,1,05 2+ years,26,1.0
0.431,4.8805,2.1034,0,04 1-2 years,12,3.0
0.1952,4.8805,0.9526,0,05 2+ years,29,1.0
0.7879,7.4219,5.8479,1,05 2+ years,29,1.0
0.9029,4.8805,4.4068,0,04 1-2 years,0,
0.935,16.6348,15.5529,1,04 1-2 years,1,7.0
0.9597,7.4219,7.1231,1,05 2+ years,25,1.0
0.1912,4.8805,0.9331,0,04 1-2 years,17,1.0
0.4404,4.8805,2.1495,0,04 1-2 years,12,2.0
0.1222,4.8805,0.5963,0,05 2+ years,29,1.0
0.1314,4.8805,0.6415,0,05 2+ years,28,1.0
0.8994,7.4219,6.675,1,05 2+ years,14,4.0
0.4505,4.8805,2.1986,0,03 6-12 months,10,2.0
0.8599,7.4219,6.3818,1,05 2+ years,18,1.0
0.447,4.8805,2.1816,0,05 2+ years,20,1.0
0.8602,7.4219,6.3845,1,04 1-2 years,28,1.0
0.4913,4.8805,2.3975,0,04 1-2 years,22,1.0
0.4327,4.8805,2.112,1,05 2+ years,23,1.0
0.1292,4.8805,0.6307,1,04 1-2 years,27,1.0
0.2185,4.8805,1.0665,0,04 1-2 years,28,1.0
0.7627,7.4219,5.6606,1,05 2+ years,8,2.0
0.8094,7.4219,6.0071,1,03 6-12 months,30,1.0
0.3894,4.8805,1.9007,1,05 2+ years,30,1.0
0.1774,4.8805,0.8658,0,05 2+ years,26,1.0
0.4899,4.8805,2.3908,1,04 1-2 years,25,1.0
0.3032,4.8805,1.4797,1,05 2+ years,20,3.0
0.2173,4.8805,1.0604,1,05 2+ years,29,1.0
0.4682,4.8805,2.2852,0,05 2+ years,15,1.0
0.7184,4.8805,3.506,0,04 1-2 years,17,3.0
0.7763,3.5253,2.7365,1,03 6-12 months,22,1.0
0.225,4.8805,1.0979,0,04 1-2 years,19,2.0
0.1488,4.8805,0.7262,0,04 1-2 years,28,1.0
0.1268,4.8805,0.6188,0,02 3-6 months,30,1.0
0.3322,4.8805,1.6213,0,04 1-2 years,22,1.0
0.9353,7.4219,6.9417,1,03 6-12 months,16,1.0
0.2426,4.8805,1.1842,1,05 2+ years,30,1.0
0.2787,4.8805,1.3603,0,05 2+ years,29,1.0
0.5838,4.8805,2.8492,0,04 1-2 years,18,1.0
0.2379,4.8805,1.1612,0,04 1-2 years,21,5.0
0.4169,4.8805,2.0348,0,05 2+ years,15,3.0
0.2481,4.8805,1.2106,1,05 2+ years,28,1.0
0.7025,3.5253,2.4763,1,05 2+ years,5,13.0
0.1623,4.8805,0.7921,0,04 1-2 years,30,1.0
0.2445,4.8805,1.1935,0,05 2+ years,23,1.0
0.8789,16.6348,14.6196,1,04 1-2 years,22,1.0
0.1844,4.8805,0.8999,0,04 1-2 years,24,1.0
0.2838,4.8805,1.3849,1,05 2+ years,28,1.0
0.3359,4.8805,1.6392,1,04 1-2 years,28,1.0
0.1851,4.8805,0.9032,0,05 2+ years,16,3.0
0.9673,7.4219,7.1793,1,05 2+ years,0,
0.1742,4.8805,0.8502,0,03 6-12 months,21,1.0
0.3551,4.8805,1.7331,1,02 3-6 months,26,1.0
0.1369,4.8805,0.6682,0,04 1-2 years,30,1.0
0.9218,16.6348,15.3333,0,05 2+ years,2,18.0
0.2992,4.8805,1.4604,0,05 2+ years,26,1.0
0.1319,4.8805,0.6435,1,05 2+ years,29,1.0
0.8568,16.6348,14.2521,1,05 2+ years,17,2.0
0.4852,4.8805,2.3679,1,05 2+ years,1,30.0
0.2334,4.8805,1.1391,0,05 2+ years,17,2.0
0.8864,16.6348,14.7444,1,05 2+ years,22,1.0
0.4681,4.8805,2.2845,0,01 0-3 months,17,1.0
0.1788,4.8805,0.8728,0,05 2+ years,27,1.0
0.9594,7.4219,7.1207,1,05 2+ years,13,1.0
0.4917,4.8805,2.3999,1,05 2+ years,26,1.0
0.7809,16.6348,12.9904,1,05 2+ years,30,1.0
0.3323,4.8805,1.6218,1,04 1-2 years,18,8.0
0.2233,4.8805,1.0897,1,05 2+ years,21,1.0
0.1941,4.8805,0.9474,0,04 1-2 years,15,3.0
0.8726,16.6348,14.5149,1,05 2+ years,14,1.0
0.307,4.8805,1.4982,1,02 3-6 months,10,3.0
0.3759,4.8805,1.8345,1,01 0-3 months,23,1.0
0.1651,4.8805,0.8056,0,04 1-2 years,29,1.0
0.1596,4.8805,0.7789,0,04 1-2 years,30,1.0
0.3271,4.8805,1.5962,0,03 6-12 months,12,1.0
0.2565,4.8805,1.252,0,01 0-3 months,29,1.0
0.8966,16.6348,14.9152,1,04 1-2 years,3,3.0
0.3807,4.8805,1.8581,0,04 1-2 years,3,14.0
0.9395,7.4219,6.9725,1,05 2+ years,30,1.0
0.4095,4.8805,1.9983,0,05 2+ years,6,7.0
0.8581,16.6348,14.275,1,05 2+ years,22,1.0
0.172,4.8805,0.8396,0,02 3-6 months,30,1.0
0.9447,7.4219,7.0111,1,05 2+ years,30,1.0
0.2245,4.8805,1.0955,1,05 2+ years,17,3.0
0.7079,4.8805,3.4548,1,05 2+ years,8,5.0
0.1454,4.8805,0.7098,0,05 2+ years,27,1.0
0.2617,4.8805,1.2773,1,03 6-12 months,8,4.0
0.8766,7.4219,6.5063,1,05 2+ years,13,3.0
0.1616,4.8805,0.7889,0,05 2+ years,30,1.0
0.5407,4.8805,2.6388,1,01 0-3 months,24,1.0
0.4123,4.8805,2.0121,0,04 1-2 years,28,2.0
0.1992,4.8805,0.9721,0,05 2+ years,22,3.0
0.3881,4.8805,1.8939,0,05 2+ years,14,1.0
0.6515,4.8805,3.1798,0,04 1-2 years,8,11.0
0.8112,7.4219,6.0203,1,05 2+ years,30,1.0
0.2505,4.8805,1.2228,0,04 1-2 years,7,5.0
0.1635,4.8805,0.7979,0,04 1-2 years,27,1.0
0.85,7.4219,6.3084,1,05 2+ years,20,1.0
0.0978,4.8805,0.4771,1,05 2+ years,30,1.0
0.1992,4.8805,0.9722,0,05 2+ years,28,1.0
0.3271,4.8805,1.5963,0,05 2+ years,14,2.0
0.5351,3.5253,1.8864,1,03 6-12 months,22,3.0
0.3412,4.8805,1.665,0,05 2+ years,27,1.0
0.2697,4.8805,1.3161,0,05 2+ years,25,1.0
0.5406,4.8805,2.6382,1,03 6-12 months,28,1.0
0.159,4.8805,0.7761,0,05 2+ years,29,1.0
0.884,16.6348,14.7053,1,04 1-2 years,26,1.0
0.113,4.8805,0.5513,0,05 2+ years,21,1.0
0.4081,4.8805,1.992,1,04 1-2 years,17,1.0
0.7119,7.4219,5.2839,1,05 2+ years,30,1.0
0.3004,4.8805,1.4659,0,05 2+ years,30,1.0
0.1553,4.8805,0.758,0,05 2+ years,25,1.0
0.4062,4.8805,1.9825,1,04 1-2 years,8,4.0
0.1257,4.8805,0.6135,0,04 1-2 years,28,1.0
0.3426,4.8805,1.6722,0,05 2+ years,22,1.0
0.2712,4.8805,1.3237,0,02 3-6 months,25,2.0
0.1318,4.8805,0.6433,0,05 2+ years,30,1.0
0.3015,4.8805,1.4714,1,05 2+ years,13,3.0
0.7683,4.8805,3.7498,1,01 0-3 months,10,16.0
0.2273,4.8805,1.1095,0,03 6-12 months,16,5.0
0.5044,4.8805,2.4619,1,04 1-2 years,7,4.0
0.6686,4.8805,3.2629,0,01 0-3 months,5,18.0
0.7594,7.4219,5.6362,0,03 6-12 months,6,3.0
0.1936,4.8805,0.9448,0,05 2+ years,30,1.0
0.2106,4.8805,1.0279,1,05 2+ years,15,3.0
0.2101,4.8805,1.0255,1,05 2+ years,19,2.0
0.1889,4.8805,0.9219,0,05 2+ years,28,1.0
0.1814,4.8805,0.8853,0,04 1-2 years,28,1.0
0.4777,4.8805,2.3313,0,01 0-3 months,18,4.0
0.8698,16.6348,14.4683,1,05 2+ years,15,2.0
0.2264,4.8805,1.105,0,02 3-6 months,29,1.0
0.1563,4.8805,0.763,0,05 2+ years,23,1.0
0.2394,4.8805,1.1683,0,05 2+ years,10,3.0
0.2084,4.8805,1.0171,0,04 1-2 years,10,3.0
0.2951,4.8805,1.4403,0,04 1-2 years,23,1.0
0.2127,4.8805,1.038,1,03 6-12 months,24,1.0
0.9331,16.6348,15.5227,0,05 2+ years,11,2.0
0.7745,4.8805,3.78,1,05 2+ years,0,
0.8533,3.5253,3.008,1,05 2+ years,23,1.0
0.2987,4.8805,1.4578,1,05 2+ years,28,2.0
0.1624,4.8805,0.7925,1,04 1-2 years,29,1.0
0.46,4.8805,2.245,1,04 1-2 years,19,6.0
0.1658,4.8805,0.809,1,03 6-12 months,30,1.0
0.4101,4.8805,2.0013,0,03 6-12 months,7,1.0
0.6803,3.5253,2.3982,0,05 2+ years,30,1.0
0.4932,3.5253,1.7388,1,05 2+ years,27,1.0
0.1446,4.8805,0.7056,0,04 1-2 years,25,1.0
0.8771,16.6348,14.5897,1,05 2+ years,23,2.0
0.281,4.8805,1.3715,1,03 6-12 months,24,1.0
0.2118,4.8805,1.0335,0,05 2+ years,19,3.0
0.1126,4.8805,0.5498,0,04 1-2 years,30,1.0
0.3774,4.8805,1.8417,1,05 2+ years,4,3.0
0.3219,4.8805,1.5712,1,05 2+ years,16,1.0
0.2289,4.8805,1.1173,0,05 2+ years,30,1.0
0.5846,3.5253,2.0609,0,01 0-3 months,18,1.0
0.1484,4.8805,0.7244,0,03 6-12 months,24,1.0
0.8872,16.6348,14.7578,1,05 2+ years,17,4.0
0.204,4.8805,0.9955,1,05 2+ years,21,1.0
0.2568,4.8805,1.2533,1,02 3-6 months,27,1.0
0.6536,3.5253,2.3043,1,03 6-12 months,27,1.0
0.1671,4.8805,0.8158,0,05 2+ years,30,1.0
0.2568,4.8805,1.2533,0,05 2+ years,30,1.0
0.2526,4.8805,1.2327,0,02 3-6 months,29,1.0
0.615,4.8805,3.0013,1,05 2+ years,10,1.0
0.3553,4.8805,1.734,0,04 1-2 years,11,2.0
0.4155,4.8805,2.0279,0,05 2+ years,21,1.0
0.1986,4.8805,0.9694,0,03 6-12 months,25,1.0
0.3025,4.8805,1.4762,0,05 2+ years,6,12.0
0.1831,4.8805,0.8938,0,04 1-2 years,16,1.0
0.9708,4.8805,4.7378,1,99 unknown,0,
0.178,4.8805,0.8689,0,03 6-12 months,27,1.0
0.3277,4.8805,1.5993,0,05 2+ years,24,2.0
0.8659,16.6348,14.4041,1,05 2+ years,28,2.0
0.2669,4.8805,1.3028,1,03 6-12 months,19,3.0
0.1342,4.8805,0.6552,0,05 2+ years,24,4.0
0.2522,4.8805,1.231,0,05 2+ years,18,4.0
0.3239,4.8805,1.581,0,05 2+ years,25,3.0
0.8939,16.6348,14.8693,1,04 1-2 years,4,12.0
0.9391,3.5253,3.3104,1,99 unknown,0,
0.2577,4.8805,1.2579,0,04 1-2 years,23,1.0
0.9627,7.4219,7.1454,1,05 2+ years,17,3.0
0.4835,4.8805,2.3599,0,04 1-2 years,9,1.0
0.2761,4.8805,1.3477,1,05 2+ years,26,1.0
0.5506,4.8805,2.6872,0,02 3-6 months,24,1.0
0.1987,4.8805,0.9696,0,03 6-12 months,15,4.0
0.23,4.8805,1.1226,0,02 3-6 months,28,1.0
0.8832,16.6348,14.6916,1,04 1-2 years,20,2.0
0.9708,4.8805,4.7378,1,99 unknown,0,
0.2817,4.8805,1.375,1,05 2+ years,28,1.0
0.3933,4.8805,1.9196,0,01 0-3 months,28,1.0
0.8761,16.6348,14.5741,1,04 1-2 years,21,1.0
0.1427,4.8805,0.6963,0,05 2+ years,28,1.0
0.8954,16.6348,14.8951,1,04 1-2 years,16,1.0
0.2936,4.8805,1.433,0,05 2+ years,13,2.0
0.2496,4.8805,1.2181,0,05 2+ years,11,4.0
0.1501,4.8805,0.7328,0,05 2+ years,28,1.0
0.3824,4.8805,1.8662,1,01 0-3 months,12,2.0
0.9357,7.4219,6.9444,1,03 6-12 months,6,11.0
0.377,4.8805,1.84,0,05 2+ years,29,1.0
0.1836,4.8805,0.8962,0,05 2+ years,20,1.0
0.8894,16.6348,14.7952,1,05 2+ years,27,1.0
0.2132,4.8805,1.0406,0,02 3-6 months,24,1.0
0.2728,4.8805,1.3312,0,04 1-2 years,26,1.0
0.2475,4.8805,1.2082,1,04 1-2 years,5,1.0
0.2354,4.8805,1.149,0,02 3-6 months,25,1.0
0.3414,4.8805,1.666,0,05 2+ years,14,1.0
0.167,4.8805,0.8148,0,05 2+ years,30,1.0
0.5906,4.8805,2.8823,0,05 2+ years,13,9.0
0.209,4.8805,1.0199,0,02 3-6 months,22,2.0
0.2253,4.8805,1.0995,0,05 2+ years,24,1.0
0.8235,16.6348,13.6981,1,05 2+ years,6,2.0
0.1766,4.8805,0.8621,0,05 2+ years,28,1.0
0.2441,4.8805,1.1912,0,05 2+ years,20,1.0
0.5333,4.8805,2.6026,0,05 2+ years,12,3.0
0.1818,4.8805,0.8875,0,04 1-2 years,26,1.0
0.3122,4.8805,1.5237,0,04 1-2 years,12,11.0
0.8545,7.4219,6.3422,1,05 2+ years,29,1.0
0.9712,16.6348,16.1561,1,05 2+ years,0,
0.2368,4.8805,1.1559,0,02 3-6 months,25,1.0
0.8548,7.4219,6.3442,1,05 2+ years,30,1.0
0.169,4.8805,0.825,0,04 1-2 years,23,2.0
0.2411,4.8805,1.1767,0,05 2+ years,27,1.0
0.2081,4.8805,1.0158,1,05 2+ years,16,5.0
0.1574,4.8805,0.7683,0,03 6-12 months,27,1.0
0.9229,16.6348,15.3522,1,05 2+ years,19,5.0
0.2785,4.8805,1.3593,0,05 2+ years,21,1.0
0.2349,4.8805,1.1463,0,05 2+ years,8,1.0
0.8638,3.5253,3.0451,1,02 3-6 months,19,1.0
0.1559,4.8805,0.7611,0,03 6-12 months,27,1.0
0.2152,4.8805,1.0502,1,02 3-6 months,25,1.0
0.1279,4.8805,0.624,0,04 1-2 years,28,1.0
0.4348,4.8805,2.1223,0,05 2+ years,14,1.0
0.1898,4.8805,0.9263,0,03 6-12 months,18,4.0
0.1812,4.8805,0.8846,1,04 1-2 years,19,1.0
0.5519,4.8805,2.6935,1,05 2+ years,19,2.0
0.8576,4.8805,4.1854,1,02 3-6 months,2,29.0
0.1805,4.8805,0.8809,1,05 2+ years,25,1.0
0.4877,4.8805,2.3802,0,05 2+ years,21,2.0
0.1664,4.8805,0.8122,0,03 6-12 months,28,1.0
0.3706,4.8805,1.8088,1,05 2+ years,18,2.0
0.278,4.8805,1.3566,0,05 2+ years,4,6.0
0.9559,7.4219,7.0945,1,05 2+ years,21,1.0
0.1827,4.8805,0.8915,1,04 1-2 years,26,1.0
0.16,4.8805,0.7809,0,04 1-2 years,21,1.0
0.1504,4.8805,0.7341,0,05 2+ years,25,1.0
0.1576,4.8805,0.7693,0,05 2+ years,29,1.0
0.8474,7.4219,6.2892,1,03 6-12 months,19,1.0
0.4217,4.8805,2.058,0,05 2+ years,20,1.0
0.2473,4.8805,1.207,0,04 1-2 years,10,3.0
0.4784,4.8805,2.3347,0,04 1-2 years,19,3.0
0.6627,7.4219,4.9188,1,05 2+ years,29,1.0
0.6366,3.5253,2.2442,0,05 2+ years,7,1.0
0.3722,4.8805,1.8166,0,05 2+ years,12,4.0
0.3406,4.8805,1.6625,0,04 1-2 years,20,1.0
0.1883,4.8805,0.9188,1,05 2+ years,16,1.0
0.4645,4.8805,2.2671,0,05 2+ years,15,1.0
0.1754,4.8805,0.856,0,05 2+ years,23,1.0
0.4941,4.8805,2.4112,1,02 3-6 months,21,1.0
0.1579,4.8805,0.7707,0,04 1-2 years,30,1.0
0.8544,16.6348,14.2124,1,04 1-2 years,30,1.0
0.2702,4.8805,1.3189,0,03 6-12 months,27,1.0
0.8958,7.4219,6.6488,1,04 1-2 years,15,9.0
0.7689,7.4219,5.7067,1,02 3-6 months,18,3.0
0.8373,16.6348,13.9283,0,05 2+ years,27,1.0
0.1575,4.8805,0.7687,0,05 2+ years,30,1.0
0.5934,7.4219,4.4042,0,05 2+ years,22,3.0
0.8073,4.8805,3.9402,1,02 3-6 months,12,10.0
0.3786,4.8805,1.8478,1,05 2+ years,19,6.0
0.1866,4.8805,0.9105,0,03 6-12 months,16,4.0
0.247,4.8805,1.2053,0,05 2+ years,26,1.0
0.6495,3.5253,2.2898,1,05 2+ years,14,1.0
0.1791,4.8805,0.8743,0,04 1-2 years,30,1.0
0.2175,4.8805,1.0613,0,01 0-3 months,28,1.0
0.3154,4.8805,1.5394,0,05 2+ years,20,1.0
0.9463,3.5253,3.3359,1,02 3-6 months,1,15.0
0.5002,4.8805,2.4414,1,01 0-3 months,23,1.0
0.2697,4.8805,1.3163,0,01 0-3 months,29,1.0
0.8043,16.6348,13.3799,1,04 1-2 years,21,1.0
0.9672,16.6348,16.0886,1,05 2+ years,0,
0.1407,4.8805,0.6866,0,05 2+ years,30,1.0
0.9517,7.4219,7.0632,1,05 2+ years,17,2.0
0.3334,4.8805,1.6274,1,04 1-2 years,13,6.0
0.788,3.5253,2.7778,1,05 2+ years,25,1.0
0.5146,3.5253,1.814,1,04 1-2 years,27,1.0
0.9708,4.8805,4.7378,1,99 unknown,0,
0.7951,7.4219,5.9009,1,05 2+ years,25,1.0
0.2588,4.8805,1.2631,0,05 2+ years,23,1.0
0.7527,4.8805,3.6738,1,02 3-6 months,2,29.0
0.822,4.8805,4.0116,1,05 2+ years,6,12.0
0.8874,7.4219,6.5865,1,04 1-2 years,20,1.0
0.8464,7.4219,6.2819,1,03 6-12 months,25,1.0
0.2749,4.8805,1.3415,1,05 2+ years,28,1.0
0.7383,16.6348,12.2822,1,05 2+ years,15,2.0
0.5286,4.8805,2.5797,0,05 2+ years,11,3.0
0.1904,4.8805,0.929,0,03 6-12 months,30,1.0
0.2054,4.8805,1.0024,0,04 1-2 years,30,1.0
0.205,4.8805,1.0004,0,02 3-6 months,30,1.0
0.1473,4.8805,0.7187,1,04 1-2 years,29,1.0
0.2822,4.8805,1.3774,1,05 2+ years,23,1.0
0.1532,4.8805,0.7478,0,05 2+ years,28,1.0
0.4583,4.8805,2.2369,0,04 1-2 years,28,2.0
0.5339,4.8805,2.6059,1,05 2+ years,3,27.0
0.7479,7.4219,5.5512,1,04 1-2 years,25,1.0
0.4319,4.8805,2.1079,1,03 6-12 months,6,2.0
0.7581,16.6348,12.6112,1,04 1-2 years,26,1.0
0.46,4.8805,2.2449,1,05 2+ years,23,2.0
0.9558,16.6348,15.9002,1,01 0-3 months,6,1.0
0.8863,7.4219,6.5783,1,05 2+ years,25,1.0
0.3256,4.8805,1.5891,1,05 2+ years,17,1.0
0.3477,4.8805,1.6969,1,04 1-2 years,29,1.0
0.4946,4.8805,2.4141,1,03 6-12 months,27,1.0
0.8671,16.6348,14.4247,1,05 2+ years,22,2.0
0.2615,4.8805,1.2762,0,04 1-2 years,30,1.0
0.4849,4.8805,2.3667,0,04 1-2 years,6,10.0
0.6712,4.8805,3.276,1,01 0-3 months,11,5.0
0.4951,4.8805,2.4162,0,04 1-2 years,16,2.0
0.1926,4.8805,0.9399,0,05 2+ years,23,2.0
0.121,4.8805,0.5906,0,05 2+ years,27,1.0
0.2736,4.8805,1.3354,0,05 2+ years,18,1.0
0.2975,4.8805,1.4517,0,04 1-2 years,21,1.0
0.2603,4.8805,1.2705,0,02 3-6 months,29,1.0
0.2118,4.8805,1.0336,0,05 2+ years,20,2.0
0.5385,4.8805,2.6281,0,03 6-12 months,5,15.0
0.2724,4.8805,1.3295,0,05 2+ years,30,1.0
0.2582,4.8805,1.2601,0,04 1-2 years,26,1.0
0.9211,7.4219,6.8365,0,05 2+ years,7,2.0
0.3976,4.8805,1.9407,1,05 2+ years,11,4.0
0.156,4.8805,0.7615,0,04 1-2 years,28,1.0
0.8886,4.8805,4.3367,1,04 1-2 years,1,30.0
0.5999,4.8805,2.9277,1,04 1-2 years,10,1.0
0.1585,4.8805,0.7737,0,04 1-2 years,30,1.0
0.778,16.6348,12.9418,1,05 2+ years,27,1.0
0.3643,4.8805,1.778,0,05 2+ years,8,2.0
0.8766,7.4219,6.5063,1,05 2+ years,18,4.0
0.1762,4.8805,0.8598,0,04 1-2 years,25,1.0
0.8256,16.6348,13.7337,1,05 2+ years,29,1.0
0.1832,4.8805,0.8943,0,05 2+ years,24,1.0
0.2098,4.8805,1.0239,1,05 2+ years,23,1.0
0.1498,4.8805,0.7309,0,05 2+ years,30,1.0
0.6886,3.5253,2.4274,1,04 1-2 years,27,1.0
0.1358,4.8805,0.6626,0,05 2+ years,28,1.0
0.1707,4.8805,0.8329,0,05 2+ years,29,1.0
0.1616,4.8805,0.7887,1,05 2+ years,23,1.0
0.2204,4.8805,1.0754,0,05 2+ years,11,1.0
0.5957,4.8805,2.9073,1,05 2+ years,17,3.0
0.1317,4.8805,0.6427,0,05 2+ years,30,1.0
0.471,4.8805,2.2989,0,04 1-2 years,27,1.0
0.6746,4.8805,3.2925,0,01 0-3 months,9,5.0
0.1931,4.8805,0.9423,0,01 0-3 months,26,1.0
0.1808,4.8805,0.8822,1,04 1-2 years,24,1.0
0.9708,4.8805,4.7378,1,99 unknown,0,
0.2308,4.8805,1.1263,0,04 1-2 years,27,1.0
0.4967,7.4219,3.6867,1,05 2+ years,30,1.0
0.6136,3.5253,2.1631,1,01 0-3 months,25,1.0
0.8783,16.6348,14.6102,1,05 2+ years,29,1.0
0.1623,4.8805,0.7921,0,05 2+ years,26,1.0
0.1675,4.8805,0.8173,1,04 1-2 years,24,2.0
0.7869,3.5253,2.774,1,05 2+ years,14,5.0
0.2513,4.8805,1.2263,0,04 1-2 years,19,4.0
0.19,4.8805,0.9273,0,03 6-12 months,28,1.0
0.1527,4.8805,0.7451,0,05 2+ years,28,1.0
0.5332,4.8805,2.6025,0,01 0-3 months,29,1.0
0.556,7.4219,4.1267,0,05 2+ years,30,1.0
0.5434,4.8805,2.6523,1,02 3-6 months,22,2.0
0.4722,4.8805,2.3044,0,05 2+ years,14,2.0
0.4234,4.8805,2.0665,0,04 1-2 years,30,1.0
0.206,4.8805,1.0056,1,05 2+ years,29,1.0
0.627,4.8805,3.0599,0,05 2+ years,11,1.0
0.8155,3.5253,2.8749,1,05 2+ years,29,1.0
0.2002,4.8805,0.9769,0,03 6-12 months,23,1.0
0.1252,4.8805,0.6113,0,05 2+ years,30,1.0
0.855,7.4219,6.3458,1,04 1-2 years,27,1.0
0.748,7.4219,5.5518,1,05 2+ years,27,1.0
0.185,4.8805,0.9031,0,05 2+ years,29,1.0
0.2528,4.8805,1.2339,0,03 6-12 months,19,1.0
0.8341,16.6348,13.8752,0,05 2+ years,30,1.0
0.2,4.8805,0.9761,0,05 2+ years,25,1.0
0.3671,4.8805,1.7914,0,01 0-3 months,16,1.0
0.4305,4.8805,2.1012,1,05 2+ years,4,4.0
0.5483,4.8805,2.676,1,05 2+ years,7,11.0
0.2319,4.8805,1.1319,0,05 2+ years,17,3.0
0.3351,4.8805,1.6356,0,05 2+ years,16,1.0
0.602,4.8805,2.9378,0,05 2+ years,22,1.0
0.1978,4.8805,0.9652,0,05 2+ years,18,3.0
0.2098,4.8805,1.0239,0,03 6-12 months,28,1.0
0.6996,16.6348,11.638,0,05 2+ years,24,2.0
0.3362,4.8805,1.641,1,04 1-2 years,27,1.0
0.489,4.8805,2.3867,1,04 1-2 years,11,9.0
0.9519,7.4219,7.0649,1,05 2+ years,20,8.0
0.2468,4.8805,1.2044,0,04 1-2 years,25,1.0
0.2047,4.8805,0.9991,0,05 2+ years,28,1.0
0.7953,0.048,0.0382,1,05 2+ years,20,1.0
0.4024,4.8805,1.9641,0,05 2+ years,30,1.0
0.8566,7.4219,6.3575,0,05 2+ years,19,3.0
0.152,4.8805,0.742,1,03 6-12 months,29,2.0
0.1899,4.8805,0.9266,0,05 2+ years,23,1.0
0.3025,4.8805,1.4765,0,05 2+ years,7,4.0
0.7785,16.6348,12.9505,1,05 2+ years,21,2.0
0.1561,4.8805,0.7619,0,05 2+ years,19,1.0
0.8458,16.6348,14.0696,0,05 2+ years,19,1.0
0.16,4.8805,0.781,1,04 1-2 years,30,1.0
0.8575,16.6348,14.2645,1,05 2+ years,23,2.0
0.1835,4.8805,0.8956,1,03 6-12 months,22,1.0
0.3581,4.8805,1.7479,0,01 0-3 months,11,1.0
0.856,16.6348,14.2394,1,05 2+ years,25,1.0
0.4301,4.8805,2.0989,1,04 1-2 years,15,4.0
0.1576,4.8805,0.7693,0,05 2+ years,30,1.0
0.8754,16.6348,14.5624,0,05 2+ years,30,1.0
0.5529,4.8805,2.6983,0,05 2+ years,2,27.0
0.402,4.8805,1.9621,0,04 1-2 years,10,9.0
0.2526,4.8805,1.233,0,05 2+ years,25,1.0
0.1219,4.8805,0.5949,0,05 2+ years,29,1.0
0.2658,4.8805,1.2975,0,05 2+ years,30,1.0
0.7301,0.048,0.035,1,05 2+ years,3,5.0
0.5969,4.8805,2.9131,0,05 2+ years,12,1.0
0.3116,4.8805,1.521,0,05 2+ years,20,1.0
0.3027,4.8805,1.4772,1,01 0-3 months,28,1.0
0.8915,7.4219,6.6167,1,04 1-2 years,8,3.0
0.5444,4.8805,2.6567,1,03 6-12 months,16,1.0
0.5713,4.8805,2.7881,1,04 1-2 years,5,3.0
0.3039,4.8805,1.4833,1,03 6-12 months,16,3.0
0.3055,4.8805,1.491,0,05 2+ years,30,1.0
0.2822,4.8805,1.3773,0,01 0-3 months,21,1.0
0.1251,4.8805,0.6106,0,05 2+ years,27,1.0
0.5904,4.8805,2.8815,1,01 0-3 months,20,2.0
0.0913,4.8805,0.4455,0,05 2+ years,30,1.0
0.1803,4.8805,0.8799,1,05 2+ years,30,1.0
0.4196,3.5253,1.4793,0,05 2+ years,28,1.0
0.9264,7.4219,6.8754,1,05 2+ years,23,3.0
0.8868,4.8805,4.3282,0,01 0-3 months,1,21.0
0.1763,4.8805,0.8604,1,05 2+ years,27,1.0
0.1494,4.8805,0.7291,1,04 1-2 years,15,2.0
0.199,4.8805,0.9713,1,05 2+ years,29,1.0
0.7615,3.5253,2.6844,0,01 0-3 months,20,2.0
0.201,4.8805,0.9809,0,03 6-12 months,25,1.0
0.1225,4.8805,0.5978,0,05 2+ years,30,1.0
0.0953,4.8805,0.4651,0,03 6-12 months,30,1.0
0.1952,4.8805,0.9526,0,04 1-2 years,29,1.0
0.1753,4.8805,0.8558,1,04 1-2 years,27,1.0
0.1793,4.8805,0.8749,0,05 2+ years,26,1.0
0.1153,4.8805,0.5627,0,05 2+ years,30,1.0
0.8519,7.4219,6.3228,1,02 3-6 months,5,10.0
0.1345,4.8805,0.6563,0,04 1-2 years,30,1.0
0.2889,4.8805,1.4098,0,04 1-2 years,27,1.0
0.155,4.8805,0.7564,0,05 2+ years,30,1.0
0.9387,7.4219,6.9668,1,05 2+ years,10,6.0
0.2129,4.8805,1.0389,0,05 2+ years,23,1.0
0.1545,4.8805,0.754,1,03 6-12 months,22,1.0
0.8793,4.8805,4.2915,1,05 2+ years,5,17.0
0.934,7.4219,6.9321,1,05 2+ years,28,2.0
0.1213,4.8805,0.5918,0,04 1-2 years,30,1.0
0.1806,4.8805,0.8812,0,05 2+ years,30,1.0
0.9715,3.5253,3.4248,1,99 unknown,0,
0.3278,4.8805,1.6,0,05 2+ years,16,6.0
0.2822,4.8805,1.3773,0,03 6-12 months,19,1.0
0.3808,4.8805,1.8587,1,05 2+ years,24,6.0
0.1506,4.8805,0.7349,0,05 2+ years,29,1.0
0.1491,4.8805,0.7275,0,04 1-2 years,30,1.0
0.1391,4.8805,0.6791,0,04 1-2 years,30,1.0
0.4574,4.8805,2.2323,0,05 2+ years,14,8.0
0.5505,4.8805,2.687,1,03 6-12 months,14,1.0
0.285,4.8805,1.3909,0,05 2+ years,18,3.0
0.2026,4.8805,0.9887,1,05 2+ years,29,1.0
0.2,4.8805,0.9763,0,04 1-2 years,23,2.0
0.3018,4.8805,1.4728,1,04 1-2 years,9,1.0
0.2371,4.8805,1.1573,1,03 6-12 months,25,1.0
0.4021,4.8805,1.9626,0,05 2+ years,30,1.0
0.1784,4.8805,0.8709,0,05 2+ years,29,1.0
0.8468,4.8805,4.1328,1,05 2+ years,8,18.0
0.1321,4.8805,0.6447,0,05 2+ years,30,1.0
0.8503,3.5253,2.9975,1,03 6-12 months,0,
0.8449,16.6348,14.054,0,05 2+ years,7,1.0
0.1502,4.8805,0.7329,0,05 2+ years,25,1.0
0.1379,4.8805,0.6729,0,05 2+ years,29,1.0
0.4031,4.8805,1.9673,0,01 0-3 months,19,2.0
0.1734,4.8805,0.8461,0,05 2+ years,27,1.0
0.5961,4.8805,2.9093,0,04 1-2 years,20,2.0
0.2237,4.8805,1.092,0,02 3-6 months,19,2.0
0.0808,4.8805,0.3943,0,05 2+ years,30,1.0
0.5037,4.8805,2.4583,0,05 2+ years,23,1.0
0.3366,4.8805,1.6427,1,05 2+ years,26,1.0
0.2317,4.8805,1.131,0,01 0-3 months,19,2.0
0.1849,4.8805,0.9026,0,05 2+ years,25,2.0
0.2341,4.8805,1.1426,0,04 1-2 years,30,1.0
0.174,4.8805,0.849,0,05 2+ years,23,1.0
0.1761,4.8805,0.8595,0,03 6-12 months,25,1.0
0.2133,4.8805,1.0411,0,04 1-2 years,25,2.0
0.1843,4.8805,0.8992,0,04 1-2 years,29,1.0
0.2915,4.8805,1.4227,1,04 1-2 years,14,1.0
0.8121,16.6348,13.509,0,05 2+ years,30,1.0
0.3797,4.8805,1.8531,0,03 6-12 months,6,3.0
0.1708,4.8805,0.8338,1,05 2+ years,30,1.0
0.1915,4.8805,0.9348,0,05 2+ years,27,1.0
0.1751,4.8805,0.8548,0,05 2+ years,22,1.0
0.1809,4.8805,0.8827,0,04 1-2 years,28,1.0
0.7583,7.4219,5.628,0,05 2+ years,30,1.0
0.2357,4.8805,1.1506,0,02 3-6 months,30,1.0
0.1617,4.8805,0.7894,0,04 1-2 years,25,1.0
0.4272,4.8805,2.0847,0,05 2+ years,8,10.0
0.1756,4.8805,0.8569,0,05 2+ years,17,3.0
0.7347,7.4219,5.4527,1,05 2+ years,27,1.0
0.5159,4.8805,2.518,0,04 1-2 years,2,10.0
0.4975,4.8805,2.4278,1,04 1-2 years,21,1.0
0.1259,4.8805,0.6146,0,05 2+ years,30,1.0
0.443,4.8805,2.1622,1,01 0-3 months,30,1.0
0.7578,4.8805,3.6987,0,01 0-3 months,7,8.0
0.153,4.8805,0.7465,0,04 1-2 years,29,1.0
0.847,16.6348,14.0894,1,05 2+ years,29,1.0
0.9188,7.4219,6.8193,1,05 2+ years,30,1.0
0.2371,4.8805,1.1571,0,05 2+ years,11,1.0
0.2419,4.8805,1.1805,0,05 2+ years,13,1.0
0.1815,4.8805,0.886,0,05 2+ years,19,1.0
0.5741,4.8805,2.8021,1,01 0-3 months,18,3.0
0.6379,4.8805,3.1135,0,05 2+ years,12,3.0
0.8633,7.4219,6.4071,0,05 2+ years,26,1.0
0.1821,4.8805,0.8886,0,05 2+ years,15,1.0
0.2031,4.8805,0.9914,1,03 6-12 months,29,1.0
0.1584,4.8805,0.7731,0,05 2+ years,22,1.0
0.4064,4.8805,1.9836,1,05 2+ years,11,1.0
0.4298,4.8805,2.0978,1,05 2+ years,7,10.0
0.1544,4.8805,0.7534,0,05 2+ years,30,1.0
0.3118,4.8805,1.5218,0,05 2+ years,22,1.0
0.8772,16.6348,14.5921,1,05 2+ years,18,1.0
0.1779,4.8805,0.8682,0,05 2+ years,29,2.0
0.193,4.8805,0.9419,1,04 1-2 years,15,4.0
0.2582,4.8805,1.2602,0,05 2+ years,26,1.0
0.8259,16.6348,13.7381,1,05 2+ years,27,1.0
0.7658,7.4219,5.6835,1,04 1-2 years,29,1.0
0.2712,4.8805,1.3234,0,05 2+ years,25,2.0
0.184,4.8805,0.8979,0,05 2+ years,30,1.0
0.4421,4.8805,2.1579,0,05 2+ years,28,1.0
0.1416,4.8805,0.6909,0,05 2+ years,20,2.0
0.1793,4.8805,0.8751,0,05 2+ years,27,1.0
0.8622,7.4219,6.3989,0,03 6-12 months,5,4.0
0.277,4.8805,1.3518,1,05 2+ years,24,1.0
0.869,4.8805,4.2412,1,01 0-3 months,7,16.0
0.4744,4.8805,2.3154,1,05 2+ years,10,1.0
0.9294,7.4219,6.8982,1,04 1-2 years,28,1.0
0.9705,16.6348,16.1442,1,05 2+ years,0,
0.1778,4.8805,0.8676,0,05 2+ years,25,2.0
0.2784,4.8805,1.3587,0,02 3-6 months,15,2.0
0.3242,4.8805,1.5821,0,05 2+ years,19,2.0
0.7864,3.5253,2.7721,1,03 6-12 months,14,1.0
0.6558,16.6348,10.9092,1,05 2+ years,28,1.0
0.5529,4.8805,2.6986,1,05 2+ years,16,2.0
0.4704,4.8805,2.2959,1,04 1-2 years,8,1.0
0.169,4.8805,0.8247,0,04 1-2 years,20,1.0
0.1676,4.8805,0.8179,0,05 2+ years,15,1.0
0.8726,16.6348,14.5152,1,05 2+ years,14,6.0
0.3048,4.8805,1.4875,1,03 6-12 months,30,1.0
0.8594,16.6348,14.2963,1,05 2+ years,16,1.0
0.8635,16.6348,14.3634,1,03 6-12 months,1,6.0
0.2231,4.8805,1.0887,0,05 2+ years,26,1.0
0.9486,7.4219,7.0406,1,05 2+ years,20,1.0
0.3932,4.8805,1.919,1,04 1-2 years,16,6.0
0.2171,4.8805,1.0596,0,05 2+ years,28,1.0
0.1367,4.8805,0.6673,1,05 2+ years,26,1.0
0.8765,7.4219,6.5053,1,04 1-2 years,28,1.0
0.8527,7.4219,6.3284,1,04 1-2 years,28,3.0
0.7886,3.5253,2.78,1,05 2+ years,26,1.0
0.2825,4.8805,1.3789,0,02 3-6 months,9,2.0
0.5043,3.5253,1.7776,1,05 2+ years,14,1.0
0.4649,4.8805,2.2689,1,05 2+ years,19,1.0
0.2945,4.8805,1.4372,1,01 0-3 months,26,1.0
0.8066,16.6348,13.4177,1,05 2+ years,15,2.0
0.1357,4.8805,0.6622,0,05 2+ years,22,2.0
0.2101,4.8805,1.0253,1,05 2+ years,25,1.0
0.3132,4.8805,1.5283,0,01 0-3 months,30,1.0
0.4459,4.8805,2.1762,1,05 2+ years,16,1.0
0.9182,16.6348,15.2746,1,05 2+ years,3,7.0
0.3408,4.8805,1.6631,1,04 1-2 years,26,3.0
0.207,4.8805,1.0101,0,04 1-2 years,23,1.0
0.363,4.8805,1.7715,0,05 2+ years,25,2.0
0.3145,4.8805,1.5348,0,04 1-2 years,11,1.0
0.1819,4.8805,0.8879,1,05 2+ years,24,1.0
0.4978,4.8805,2.4297,1,05 2+ years,13,2.0
0.1687,4.8805,0.8234,0,05 2+ years,19,1.0
0.2144,4.8805,1.0464,0,05 2+ years,27,4.0
0.1902,4.8805,0.9284,1,05 2+ years,19,1.0
0.235,4.8805,1.1471,0,04 1-2 years,29,1.0
0.1958,4.8805,0.9558,0,05 2+ years,17,1.0
0.9789,7.4219,7.2654,1,02 3-6 months,0,
0.1754,4.8805,0.8559,1,05 2+ years,20,1.0
0.1778,4.8805,0.8676,1,03 6-12 months,27,1.0
0.3045,4.8805,1.4859,0,05 2+ years,12,6.0
0.4189,4.8805,2.0446,0,05 2+ years,24,1.0
0.5336,4.8805,2.6042,0,05 2+ years,19,1.0
0.3301,4.8805,1.6109,0,05 2+ years,29,1.0
0.9473,16.6348,15.7579,1,01 0-3 months,6,1.0
0.2434,4.8805,1.1879,1,05 2+ years,23,1.0
0.119,4.8805,0.5806,0,05 2+ years,23,2.0
0.7141,16.6348,11.8796,1,05 2+ years,24,1.0
0.2046,4.8805,0.9985,0,05 2+ years,23,1.0
0.5502,4.8805,2.6851,0,05 2+ years,10,2.0
0.2986,4.8805,1.4575,0,05 2+ years,23,1.0
0.7534,16.6348,12.5329,0,05 2+ years,27,1.0
0.2457,4.8805,1.1991,0,05 2+ years,30,1.0
0.1587,4.8805,0.7743,0,05 2+ years,23,1.0
0.1737,4.8805,0.8475,0,04 1-2 years,30,1.0
0.1613,4.8805,0.7873,0,03 6-12 months,20,1.0
0.1403,4.8805,0.685,0,05 2+ years,28,1.0
0.7973,16.6348,13.2633,1,04 1-2 years,29,1.0
0.2635,4.8805,1.2859,1,05 2+ years,23,1.0
0.276,4.8805,1.3469,0,03 6-12 months,13,7.0
0.1108,4.8805,0.5408,0,05 2+ years,30,1.0
0.1424,4.8805,0.6948,0,04 1-2 years,27,1.0
0.5314,4.8805,2.5935,0,05 2+ years,26,1.0
0.1669,4.8805,0.8145,0,03 6-12 months,27,1.0
0.2485,4.8805,1.2128,0,04 1-2 years,13,5.0
0.19,4.8805,0.9271,0,03 6-12 months,29,1.0
0.3164,4.8805,1.5444,1,02 3-6 months,13,3.0
0.6047,4.8805,2.9512,1,05 2+ years,0,
0.204,4.8805,0.9957,0,05 2+ years,18,1.0
0.176,4.8805,0.8588,0,05 2+ years,28,1.0
0.7151,0.048,0.0343,1,01 0-3 months,11,3.0
0.2135,4.8805,1.0421,0,03 6-12 months,28,2.0
0.1514,4.8805,0.7388,0,04 1-2 years,27,1.0
0.8316,7.4219,6.1717,1,05 2+ years,30,1.0
0.2345,4.8805,1.1445,0,05 2+ years,15,3.0
0.8916,16.6348,14.8316,1,05 2+ years,10,9.0
0.1596,4.8805,0.779,0,03 6-12 months,29,1.0
0.2012,4.8805,0.9821,0,03 6-12 months,29,1.0
0.5347,4.8805,2.6094,0,05 2+ years,14,13.0
0.2363,4.8805,1.1534,0,03 6-12 months,16,1.0
0.1719,4.8805,0.839,0,05 2+ years,30,1.0
0.2427,4.8805,1.1845,0,02 3-6 months,15,1.0
0.1832,4.8805,0.894,1,04 1-2 years,26,1.0
0.9455,3.5253,3.3332,1,01 0-3 months,0,
0.5675,4.8805,2.7697,1,04 1-2 years,11,3.0
0.954,7.4219,7.0808,1,05 2+ years,27,1.0
0.2911,4.8805,1.4206,1,05 2+ years,25,1.0
0.2181,4.8805,1.0646,0,05 2+ years,15,2.0
0.1812,4.8805,0.8846,0,03 6-12 months,20,3.0
0.4203,3.5253,1.4818,0,05 2+ years,29,1.0
0.3272,4.8805,1.5969,0,05 2+ years,21,2.0
0.1516,4.8805,0.7398,0,03 6-12 months,25,1.0
0.1506,4.8805,0.7351,0,04 1-2 years,28,1.0
0.2175,4.8805,1.0616,0,05 2+ years,28,1.0
0.9034,16.6348,15.0285,1,05 2+ years,15,1.0
0.955,16.6348,15.8862,1,05 2+ years,20,3.0
0.6877,4.8805,3.3563,1,04 1-2 years,3,22.0
0.2649,4.8805,1.2929,0,05 2+ years,28,1.0
0.129,4.8805,0.6294,0,04 1-2 years,28,1.0
0.3171,4.8805,1.5475,0,04 1-2 years,30,1.0
0.1597,4.8805,0.7795,0,04 1-2 years,26,1.0
0.8766,16.6348,14.5821,1,05 2+ years,7,4.0
0.2708,4.8805,1.3219,0,05 2+ years,20,4.0
0.6743,4.8805,3.2911,1,04 1-2 years,2,12.0
0.2478,4.8805,1.2095,0,04 1-2 years,17,1.0
0.2967,4.8805,1.4478,0,04 1-2 years,10,3.0
0.2492,4.8805,1.216,0,04 1-2 years,25,1.0
0.9456,3.5253,3.3334,1,01 0-3 months,0,
0.2209,4.8805,1.0782,1,05 2+ years,29,1.0
0.8276,7.4219,6.1425,1,04 1-2 years,14,4.0
0.2017,4.8805,0.9846,0,05 2+ years,16,2.0
0.8499,16.6348,14.1383,1,05 2+ years,25,1.0
0.4563,4.8805,2.2269,0,05 2+ years,21,2.0
0.8679,3.5253,3.0595,1,05 2+ years,14,1.0
0.2202,4.8805,1.0748,0,05 2+ years,21,1.0
0.8519,16.6348,14.1705,1,04 1-2 years,23,1.0
0.1898,4.8805,0.9265,0,05 2+ years,15,1.0
0.1545,4.8805,0.7543,0,04 1-2 years,30,1.0
0.713,4.8805,3.4797,1,04 1-2 years,2,17.0
0.1705,4.8805,0.8323,1,05 2+ years,27,1.0
0.2825,4.8805,1.3788,0,02 3-6 months,23,1.0
0.8116,7.4219,6.0234,1,05 2+ years,6,1.0
0.5876,4.8805,2.8677,0,05 2+ years,10,9.0
0.2018,4.8805,0.9849,0,05 2+ years,24,1.0
0.2026,4.8805,0.989,0,05 2+ years,23,1.0
0.1972,4.8805,0.9624,0,04 1-2 years,28,1.0
0.7627,7.4219,5.6603,1,05 2+ years,28,1.0
0.6262,4.8805,3.056,1,05 2+ years,14,1.0
0.9461,7.4219,7.0218,1,05 2+ years,3,1.0
0.745,16.6348,12.3929,1,05 2+ years,26,1.0
0.2347,4.8805,1.1455,0,05 2+ years,21,1.0
0.9601,16.6348,15.9706,1,01 0-3 months,6,1.0
0.3568,4.8805,1.7414,0,04 1-2 years,30,1.0
0.1166,4.8805,0.569,0,05 2+ years,30,1.0
0.2971,4.8805,1.4499,0,04 1-2 years,27,1.0
0.132,4.8805,0.644,0,04 1-2 years,30,1.0
0.3346,4.8805,1.6332,0,05 2+ years,23,2.0
0.1528,4.8805,0.746,0,05 2+ years,27,1.0
0.3601,4.8805,1.7574,1,05 2+ years,13,4.0
0.4769,4.8805,2.3276,1,03 6-12 months,30,1.0
0.9585,16.6348,15.9447,1,05 2+ years,27,3.0
0.2159,4.8805,1.0535,0,05 2+ years,26,1.0
0.2717,4.8805,1.326,0,05 2+ years,17,2.0
0.215,4.8805,1.0495,0,05 2+ years,30,1.0
0.8305,16.6348,13.8158,1,05 2+ years,29,1.0
0.1864,4.8805,0.9098,0,03 6-12 months,30,1.0
0.4086,4.8805,1.9941,0,05 2+ years,11,10.0
0.6975,7.4219,5.1766,0,05 2+ years,14,1.0
0.1647,4.8805,0.8037,0,03 6-12 months,29,1.0
0.53,4.8805,2.5866,1,03 6-12 months,19,6.0
0.1939,4.8805,0.9464,0,05 2+ years,29,1.0
0.3965,4.8805,1.9349,1,04 1-2 years,20,4.0
0.2255,4.8805,1.1007,0,05 2+ years,21,1.0
0.1559,4.8805,0.7609,0,04 1-2 years,27,1.0
0.1692,4.8805,0.8256,1,05 2+ years,26,1.0
0.9156,7.4219,6.7955,1,05 2+ years,3,3.0
0.1765,4.8805,0.8616,0,05 2+ years,25,1.0
0.2519,4.8805,1.2293,0,05 2+ years,19,2.0
0.2469,4.8805,1.2051,0,04 1-2 years,28,1.0
0.3674,4.8805,1.7933,0,03 6-12 months,15,2.0
0.1559,4.8805,0.7606,0,05 2+ years,27,1.0
0.4067,4.8805,1.9851,0,05 2+ years,7,1.0
0.5506,4.8805,2.6871,1,01 0-3 months,18,3.0
0.2216,4.8805,1.0817,1,05 2+ years,9,3.0
0.2726,4.8805,1.3304,1,04 1-2 years,17,1.0
0.1655,4.8805,0.8079,0,04 1-2 years,25,1.0
0.6596,4.8805,3.219,0,05 2+ years,3,25.0
0.2147,4.8805,1.0478,0,05 2+ years,29,1.0
0.2623,4.8805,1.2803,0,01 0-3 months,27,1.0
0.1146,4.8805,0.5595,0,05 2+ years,30,1.0
0.1868,4.8805,0.9116,0,04 1-2 years,26,1.0
0.1752,4.8805,0.855,0,05 2+ years,25,3.0
0.2359,4.8805,1.1511,0,02 3-6 months,26,1.0
0.2815,4.8805,1.374,0,05 2+ years,9,1.0
0.1896,4.8805,0.9252,1,05 2+ years,30,1.0
0.6148,4.8805,3.0004,0,05 2+ years,11,4.0
0.1687,4.8805,0.8235,1,05 2+ years,28,1.0
0.2219,4.8805,1.0828,0,04 1-2 years,29,1.0
0.1427,4.8805,0.6967,0,05 2+ years,30,1.0
0.4261,4.8805,2.0797,1,01 0-3 months,18,2.0
0.2267,4.8805,1.1066,0,05 2+ years,29,1.0
0.5112,4.8805,2.4947,1,04 1-2 years,18,1.0
0.5453,4.8805,2.6614,1,02 3-6 months,27,1.0
0.3948,4.8805,1.9269,0,02 3-6 months,14,1.0
0.9402,7.4219,6.9783,1,05 2+ years,3,18.0
0.1566,4.8805,0.7641,0,04 1-2 years,30,1.0
0.1993,4.8805,0.9725,1,03 6-12 months,28,1.0
0.8499,16.6348,14.138,1,05 2+ years,30,1.0
0.9156,3.5253,3.2279,1,04 1-2 years,6,1.0
0.209,4.8805,1.0203,0,04 1-2 years,19,1.0
0.3513,4.8805,1.7146,0,05 2+ years,12,8.0
0.1627,4.8805,0.794,0,04 1-2 years,27,1.0
0.5726,4.8805,2.7944,1,04 1-2 years,29,1.0
0.9026,7.4219,6.6991,1,05 2+ years,4,20.0
0.2092,4.8805,1.021,0,05 2+ years,30,1.0
0.1345,4.8805,0.6566,0,04 1-2 years,30,1.0
0.1683,4.8805,0.8214,0,04 1-2 years,29,1.0
0.218,4.8805,1.0638,1,04 1-2 years,21,4.0
0.8482,7.4219,6.2949,1,03 6-12 months,2,9.0
0.2367,4.8805,1.1552,0,02 3-6 months,25,1.0
0.2261,4.8805,1.1036,0,05 2+ years,20,1.0
0.9327,7.4219,6.9226,1,05 2+ years,30,1.0
0.6291,0.048,0.0302,0,01 0-3 months,25,1.0
0.3231,4.8805,1.577,1,05 2+ years,27,2.0
0.2514,4.8805,1.2269,0,03 6-12 months,16,3.0
0.8782,16.6348,14.6085,1,05 2+ years,27,1.0
0.2974,4.8805,1.4516,1,05 2+ years,3,5.0
0.6908,3.5253,2.4352,1,04 1-2 years,4,4.0
0.1542,4.8805,0.7524,0,05 2+ years,29,1.0
0.8938,16.6348,14.8682,0,05 2+ years,1,17.0
0.1958,4.8805,0.9556,0,05 2+ years,14,3.0
0.2018,4.8805,0.9849,0,03 6-12 months,27,1.0
0.302,4.8805,1.4741,1,05 2+ years,10,2.0
0.5085,4.8805,2.4815,1,04 1-2 years,7,2.0
0.3381,4.8805,1.65,0,05 2+ years,23,1.0
0.4057,4.8805,1.9799,1,04 1-2 years,5,12.0
0.1517,4.8805,0.7406,0,05 2+ years,23,1.0
0.6644,4.8805,3.2426,0,02 3-6 months,6,15.0
0.188,4.8805,0.9176,0,02 3-6 months,29,1.0
0.1832,4.8805,0.8942,0,03 6-12 months,19,1.0
0.2272,4.8805,1.109,0,04 1-2 years,21,1.0
0.1325,4.8805,0.6467,0,05 2+ years,29,1.0
0.2615,4.8805,1.2762,0,05 2+ years,30,1.0
0.6186,7.4219,4.5912,0,04 1-2 years,30,1.0
0.226,4.8805,1.1032,0,05 2+ years,23,1.0
0.2614,4.8805,1.2756,0,04 1-2 years,18,1.0
0.1683,4.8805,0.8214,0,05 2+ years,23,1.0
0.1017,4.8805,0.4965,0,04 1-2 years,29,1.0
0.6231,4.8805,3.0409,1,04 1-2 years,7,12.0
0.4453,4.8805,2.1731,1,05 2+ years,30,1.0
0.1732,4.8805,0.8455,1,05 2+ years,14,3.0
0.4869,4.8805,2.3763,0,05 2+ years,8,2.0
0.1771,4.8805,0.8641,1,02 3-6 months,23,1.0
0.3609,4.8805,1.7613,1,05 2+ years,16,4.0
0.9532,7.4219,7.0748,1,03 6-12 months,4,2.0
0.8617,7.4219,6.3955,1,04 1-2 years,30,1.0
0.8108,16.6348,13.4877,1,05 2+ years,11,1.0
0.8407,16.6348,13.9852,1,05 2+ years,27,2.0
0.9566,7.4219,7.1,1,03 6-12 months,1,1.0
0.2561,4.8805,1.2498,1,02 3-6 months,13,1.0
0.4813,4.8805,2.349,1,05 2+ years,22,2.0
0.6347,7.4219,4.7107,1,05 2+ years,25,1.0
0.3778,4.8805,1.8436,1,05 2+ years,27,1.0
0.28,4.8805,1.3668,0,05 2+ years,26,1.0
0.2412,4.8805,1.177,0,05 2+ years,13,4.0
0.3549,4.8805,1.7321,0,05 2+ years,15,8.0
0.3095,4.8805,1.5105,1,05 2+ years,23,1.0
0.2046,4.8805,0.9985,0,04 1-2 years,14,3.0
0.8637,3.5253,3.0446,1,03 6-12 months,18,8.0
0.2676,4.8805,1.3061,1,03 6-12 months,6,6.0
0.1732,4.8805,0.8455,0,05 2+ years,26,1.0
0.6337,3.5253,2.2339,1,03 6-12 months,24,1.0
0.1575,4.8805,0.7688,0,05 2+ years,30,1.0
0.1496,4.8805,0.7302,0,04 1-2 years,28,1.0
0.4533,4.8805,2.2122,1,05 2+ years,11,3.0
0.8548,3.5253,3.0135,0,05 2+ years,25,1.0
0.8904,3.5253,3.1388,1,01 0-3 months,3,1.0
0.3813,4.8805,1.8607,0,02 3-6 months,20,2.0
0.2501,4.8805,1.2206,0,05 2+ years,26,1.0
0.8818,16.6348,14.6687,1,05 2+ years,18,4.0
0.1266,4.8805,0.6181,0,03 6-12 months,30,1.0
0.9375,7.4219,6.9577,1,05 2+ years,28,1.0
0.1578,4.8805,0.77,0,05 2+ years,30,1.0
0.7051,4.8805,3.4412,1,05 2+ years,10,10.0
0.4327,4.8805,2.1118,1,05 2+ years,24,1.0
0.1629,4.8805,0.7948,1,03 6-12 months,30,1.0
0.9009,16.6348,14.9859,1,05 2+ years,24,1.0
0.6506,0.048,0.0312,1,05 2+ years,17,1.0
0.2233,4.8805,1.0897,0,04 1-2 years,25,1.0
0.1594,4.8805,0.7778,0,05 2+ years,26,1.0
0.2073,4.8805,1.0119,0,04 1-2 years,23,1.0
0.2656,4.8805,1.2964,0,04 1-2 years,25,1.0
0.8335,7.4219,6.1862,0,04 1-2 years,23,1.0
0.3703,4.8805,1.8071,0,05 2+ years,27,1.0
0.8326,16.6348,13.8505,1,04 1-2 years,18,1.0
0.3721,4.8805,1.8159,0,05 2+ years,14,3.0
0.5316,4.8805,2.5944,0,05 2+ years,16,1.0
0.1933,4.8805,0.9433,1,05 2+ years,26,1.0
0.8398,16.6348,13.9691,1,04 1-2 years,26,1.0
0.2324,4.8805,1.134,0,05 2+ years,13,5.0
0.7524,16.6348,12.5167,1,05 2+ years,22,2.0
0.2137,4.8805,1.0428,0,04 1-2 years,14,1.0
0.1939,4.8805,0.9464,0,04 1-2 years,28,1.0
0.2217,4.8805,1.0819,0,05 2+ years,28,1.0
0.2228,4.8805,1.0873,0,03 6-12 months,21,1.0
0.7623,0.048,0.0366,1,03 6-12 months,26,1.0
0.2117,4.8805,1.0333,0,05 2+ years,23,1.0
0.339,4.8805,1.6547,0,05 2+ years,14,1.0
0.8546,7.4219,6.3426,1,05 2+ years,29,1.0
0.432,4.8805,2.1084,0,01 0-3 months,27,1.0
0.2823,4.8805,1.3778,0,05 2+ years,17,5.0
0.3702,4.8805,1.8067,0,05 2+ years,28,1.0
0.6784,0.048,0.0325,1,05 2+ years,4,7.0
0.8424,7.4219,6.2521,1,05 2+ years,28,1.0
0.164,4.8805,0.8006,0,04 1-2 years,21,1.0
0.178,4.8805,0.8685,0,04 1-2 years,29,2.0
0.9594,7.4219,7.1204,1,05 2+ years,15,1.0
0.179,4.8805,0.8737,0,04 1-2 years,28,1.0
0.152,4.8805,0.7419,0,05 2+ years,25,2.0
0.5592,4.8805,2.7292,0,04 1-2 years,24,1.0
0.5266,4.8805,2.5702,0,02 3-6 months,27,1.0
0.1779,4.8805,0.8685,0,04 1-2 years,24,2.0
0.8974,16.6348,14.9274,1,05 2+ years,10,1.0
0.7699,7.4219,5.7144,1,05 2+ years,18,1.0
0.9232,16.6348,15.3578,1,04 1-2 years,1,4.0
0.1796,4.8805,0.8766,1,05 2+ years,17,2.0
0.2202,4.8805,1.0746,0,03 6-12 months,11,4.0
0.4921,4.8805,2.4015,0,02 3-6 months,19,1.0
0.1876,4.8805,0.9155,0,02 3-6 months,20,1.0
0.6763,7.4219,5.0197,1,05 2+ years,27,1.0
0.355,4.8805,1.7325,0,05 2+ years,13,2.0
0.5753,4.8805,2.8077,0,02 3-6 months,23,3.0
0.3514,4.8805,1.7149,0,03 6-12 months,5,2.0
0.1726,4.8805,0.8421,0,02 3-6 months,25,1.0
0.4033,4.8805,1.9682,0,01 0-3 months,22,1.0
0.6062,4.8805,2.9587,0,04 1-2 years,8,2.0
0.2288,4.8805,1.1169,0,02 3-6 months,27,1.0
0.2902,4.8805,1.4166,0,04 1-2 years,23,2.0
0.2589,4.8805,1.2638,0,04 1-2 years,25,1.0
0.1597,4.8805,0.7793,0,04 1-2 years,27,1.0
0.9415,16.6348,15.6611,1,04 1-2 years,3,13.0
0.2358,4.8805,1.1509,0,05 2+ years,30,1.0
0.3437,4.8805,1.6774,0,03 6-12 months,17,1.0
0.14,4.8805,0.6831,1,05 2+ years,29,2.0
0.8171,7.4219,6.0647,0,04 1-2 years,28,1.0
0.1544,4.8805,0.7537,0,05 2+ years,28,1.0
0.6409,4.8805,3.1278,1,01 0-3 months,21,2.0
0.1816,4.8805,0.8862,0,04 1-2 years,25,1.0
0.2034,4.8805,0.9925,0,03 6-12 months,27,1.0
0.1596,4.8805,0.7789,0,05 2+ years,15,6.0
0.5807,4.8805,2.8343,0,02 3-6 months,14,6.0
0.8488,16.6348,14.1189,0,04 1-2 years,19,1.0
0.225,4.8805,1.0983,0,05 2+ years,28,1.0
0.8469,4.8805,4.1332,1,05 2+ years,6,17.0
0.4076,4.8805,1.9893,0,05 2+ years,12,3.0
0.5519,4.8805,2.6935,0,02 3-6 months,25,1.0
0.8891,16.6348,14.7897,1,04 1-2 years,4,5.0
0.1955,4.8805,0.9542,0,02 3-6 months,24,1.0
0.8699,7.4219,6.4561,0,05 2+ years,23,1.0
0.2342,4.8805,1.143,0,02 3-6 months,18,1.0
0.2096,4.8805,1.0231,1,05 2+ years,29,1.0
0.8073,3.5253,2.846,0,02 3-6 months,2,1.0
0.2125,4.8805,1.0373,0,02 3-6 months,21,1.0
0.4162,4.8805,2.0311,0,05 2+ years,18,5.0
0.9454,7.4219,7.0163,1,05 2+ years,30,1.0
0.4518,4.8805,2.2049,0,03 6-12 months,15,3.0
0.847,7.4219,6.2861,1,04 1-2 years,16,3.0
0.3148,4.8805,1.5366,1,05 2+ years,14,1.0
0.7804,7.4219,5.7924,1,05 2+ years,16,1.0
0.1792,4.8805,0.8746,0,05 2+ years,24,1.0
0.1204,4.8805,0.5877,0,05 2+ years,30,1.0
0.4358,4.8805,2.1269,1,05 2+ years,16,2.0
0.2496,4.8805,1.2183,0,05 2+ years,27,1.0
0.6245,4.8805,3.0481,1,05 2+ years,15,5.0
0.2748,4.8805,1.341,0,05 2+ years,22,1.0
0.913,7.4219,6.776,1,04 1-2 years,28,1.0
0.2415,4.8805,1.1788,0,03 6-12 months,29,1.0
0.192,4.8805,0.937,0,05 2+ years,22,1.0
0.9483,16.6348,15.7754,1,04 1-2 years,0,
0.6783,4.8805,3.3102,1,05 2+ years,7,9.0
0.5079,4.8805,2.4787,1,05 2+ years,17,1.0
0.191,4.8805,0.9322,0,04 1-2 years,30,1.0
0.1776,4.8805,0.8666,0,05 2+ years,25,1.0
0.1689,4.8805,0.8243,1,04 1-2 years,25,1.0
0.1603,4.8805,0.7824,0,05 2+ years,28,1.0
0.1749,4.8805,0.8537,0,05 2+ years,25,1.0
0.1255,4.8805,0.6126,0,03 6-12 months,26,2.0
0.4858,4.8805,2.3709,1,05 2+ years,6,8.0
0.8103,7.4219,6.0143,1,03 6-12 months,25,2.0
0.3176,4.8805,1.5499,0,05 2+ years,28,1.0
0.8613,16.6348,14.3281,1,05 2+ years,18,1.0
0.2595,4.8805,1.2663,0,03 6-12 months,19,1.0
0.2211,4.8805,1.079,0,05 2+ years,20,1.0
0.8118,7.4219,6.0248,1,05 2+ years,15,1.0
0.1495,4.8805,0.7297,0,05 2+ years,30,1.0
0.586,4.8805,2.8599,1,05 2+ years,21,1.0
0.326,4.8805,1.5911,1,05 2+ years,23,7.0
0.2516,4.8805,1.2278,0,05 2+ years,18,1.0
0.7998,0.048,0.0384,1,05 2+ years,25,2.0
0.5579,4.8805,2.7228,1,05 2+ years,28,1.0
0.5551,4.8805,2.709,0,02 3-6 months,11,6.0
0.1806,4.8805,0.8815,1,05 2+ years,17,2.0
0.1268,4.8805,0.6189,1,04 1-2 years,26,1.0
0.2084,4.8805,1.017,0,05 2+ years,30,1.0
0.3688,4.8805,1.7999,0,05 2+ years,6,6.0
0.2001,4.8805,0.9766,0,05 2+ years,30,1.0
0.4439,4.8805,2.1664,1,04 1-2 years,25,2.0
0.1928,4.8805,0.941,1,05 2+ years,30,1.0
0.36,4.8805,1.7571,0,01 0-3 months,23,3.0
0.2035,4.8805,0.9934,1,03 6-12 months,25,3.0
0.4113,4.8805,2.0075,0,04 1-2 years,25,2.0
0.481,4.8805,2.3476,0,02 3-6 months,11,3.0
0.2133,4.8805,1.0409,0,03 6-12 months,14,5.0
0.1629,4.8805,0.7951,0,05 2+ years,29,1.0
0.9726,16.6348,16.1796,1,05 2+ years,0,
0.1766,4.8805,0.8619,1,05 2+ years,28,2.0
0.3098,4.8805,1.512,0,04 1-2 years,24,1.0
0.8446,7.4219,6.2684,1,05 2+ years,25,1.0
0.1039,4.8805,0.5073,0,04 1-2 years,30,1.0
0.1775,4.8805,0.8662,0,05 2+ years,29,1.0
0.3115,4.8805,1.5204,1,05 2+ years,18,1.0
0.1912,4.8805,0.9331,0,05 2+ years,24,2.0
0.2315,4.8805,1.1297,0,04 1-2 years,6,3.0
0.8586,16.6348,14.2824,1,05 2+ years,8,7.0
0.2183,4.8805,1.0653,0,04 1-2 years,13,1.0
0.1257,4.8805,0.6136,0,03 6-12 months,30,1.0
0.161,4.8805,0.7857,0,05 2+ years,22,1.0
0.6658,4.8805,3.2493,1,02 3-6 months,4,12.0
0.2162,4.8805,1.0554,0,04 1-2 years,21,1.0
0.2573,4.8805,1.2557,1,05 2+ years,21,1.0
0.2191,4.8805,1.0695,1,05 2+ years,27,1.0
0.1596,4.8805,0.7788,1,04 1-2 years,24,1.0
0.539,4.8805,2.6303,1,04 1-2 years,27,1.0
0.2881,4.8805,1.4062,0,03 6-12 months,30,1.0
0.3859,4.8805,1.8834,0,04 1-2 years,16,1.0
0.1964,4.8805,0.9586,0,05 2+ years,26,2.0
0.3274,4.8805,1.5981,1,05 2+ years,18,1.0
0.9037,16.6348,15.0334,1,05 2+ years,21,2.0
0.4586,4.8805,2.238,0,05 2+ years,23,1.0
0.1635,4.8805,0.7978,0,05 2+ years,24,1.0
0.3414,4.8805,1.666,0,01 0-3 months,26,1.0
0.3435,4.8805,1.6765,1,03 6-12 months,10,1.0
0.9503,7.4219,7.0531,0,05 2+ years,9,1.0
0.3186,4.8805,1.5548,0,05 2+ years,30,1.0
0.1495,4.8805,0.7297,0,04 1-2 years,26,1.0
0.1963,4.8805,0.958,1,04 1-2 years,12,5.0
0.2446,4.8805,1.1939,1,04 1-2 years,16,1.0
0.7185,3.5253,2.5331,0,02 3-6 months,14,2.0
0.1845,4.8805,0.9002,0,05 2+ years,26,1.0
0.504,4.8805,2.4599,0,05 2+ years,30,1.0
0.1283,4.8805,0.626,0,05 2+ years,27,1.0
0.8627,16.6348,14.3508,1,05 2+ years,12,3.0
0.2851,4.8805,1.3914,0,05 2+ years,27,1.0
0.3401,4.8805,1.6597,0,01 0-3 months,26,1.0
0.1238,4.8805,0.6041,0,05 2+ years,24,1.0
0.1831,4.8805,0.8938,1,05 2+ years,18,2.0
0.1493,4.8805,0.7285,1,04 1-2 years,29,1.0
0.2445,4.8805,1.1934,0,03 6-12 months,29,1.0
0.8535,7.4219,6.3347,1,05 2+ years,29,2.0
0.8865,16.6348,14.7462,1,05 2+ years,14,5.0
0.1796,4.8805,0.8767,0,03 6-12 months,30,1.0
0.207,4.8805,1.0104,0,04 1-2 years,20,1.0
0.2634,4.8805,1.2855,1,03 6-12 months,5,1.0
0.2472,4.8805,1.2065,1,04 1-2 years,28,2.0
0.168,4.8805,0.8198,1,02 3-6 months,27,1.0
0.1781,4.8805,0.8693,0,04 1-2 years,24,1.0
0.2868,4.8805,1.3999,0,05 2+ years,24,1.0
0.2543,4.8805,1.2411,0,02 3-6 months,28,1.0
0.8695,7.4219,6.453,1,05 2+ years,30,1.0
0.3266,4.8805,1.5942,0,05 2+ years,19,1.0
0.2555,4.8805,1.247,0,04 1-2 years,28,1.0
0.1299,4.8805,0.6338,0,05 2+ years,29,1.0
0.1284,4.8805,0.6268,1,05 2+ years,22,1.0
0.2713,4.8805,1.3241,1,05 2+ years,29,1.0
0.15,4.8805,0.732,0,05 2+ years,30,1.0
0.14,4.8805,0.6831,1,04 1-2 years,30,1.0
0.7566,4.8805,3.6925,1,05 2+ years,6,16.0
0.1848,4.8805,0.9018,0,04 1-2 years,26,1.0
0.139,4.8805,0.6785,0,04 1-2 years,30,1.0
0.9754,16.6348,16.2248,1,05 2+ years,0,
0.2315,4.8805,1.1297,0,03 6-12 months,17,1.0
0.5893,4.8805,2.8762,0,05 2+ years,15,1.0
0.9478,7.4219,7.0345,1,04 1-2 years,2,29.0
0.1202,4.8805,0.5865,0,05 2+ years,26,1.0
0.8307,16.6348,13.8188,1,05 2+ years,24,1.0
0.378,4.8805,1.845,1,03 6-12 months,30,1.0
0.23,4.8805,1.1223,0,03 6-12 months,19,1.0
0.1733,4.8805,0.8458,0,05 2+ years,17,3.0
0.2768,4.8805,1.3509,0,05 2+ years,17,1.0
0.4829,4.8805,2.357,1,01 0-3 months,3,5.0
0.139,4.8805,0.6782,0,05 2+ years,26,1.0
0.2177,4.8805,1.0624,1,05 2+ years,18,2.0
0.2111,4.8805,1.0303,0,05 2+ years,21,1.0
0.8553,16.6348,14.227,1,05 2+ years,27,1.0
0.1496,4.8805,0.7303,0,05 2+ years,29,1.0
0.9415,7.4219,6.9879,1,05 2+ years,30,1.0
0.1975,4.8805,0.9637,0,04 1-2 years,28,1.0
0.1714,4.8805,0.8366,0,05 2+ years,28,1.0
0.9779,7.4219,7.2575,1,03 6-12 months,0,
0.1685,4.8805,0.8224,0,05 2+ years,28,1.0
0.1125,4.8805,0.5492,0,03 6-12 months,30,1.0
0.1116,4.8805,0.5448,0,05 2+ years,29,1.0
0.4151,4.8805,2.0259,0,05 2+ years,29,1.0
0.2799,4.8805,1.3662,0,05 2+ years,20,1.0
0.8394,16.6348,13.9641,1,05 2+ years,11,1.0
0.5885,4.8805,2.872,1,05 2+ years,10,10.0
0.2734,4.8805,1.3344,0,05 2+ years,13,3.0
0.74,7.4219,5.4926,0,05 2+ years,23,1.0
0.1898,4.8805,0.9264,0,05 2+ years,14,2.0
0.8,16.6348,13.3076,1,05 2+ years,16,1.0
0.3153,4.8805,1.5386,1,04 1-2 years,11,2.0
0.137,4.8805,0.6686,0,05 2+ years,30,1.0
0.2073,4.8805,1.0118,0,05 2+ years,28,1.0
0.2545,4.8805,1.2422,1,03 6-12 months,27,2.0
0.4923,4.8805,2.4025,0,03 6-12 months,11,2.0
0.1671,4.8805,0.8157,0,05 2+ years,27,1.0
0.2794,4.8805,1.3637,1,04 1-2 years,23,2.0
0.1747,4.8805,0.8525,0,01 0-3 months,29,1.0
0.9113,16.6348,15.1588,1,04 1-2 years,12,3.0
0.4308,4.8805,2.1026,0,01 0-3 months,27,1.0
0.2816,4.8805,1.3745,0,01 0-3 months,29,1.0
0.5029,4.8805,2.4542,1,05 2+ years,15,2.0
0.3794,4.8805,1.8517,1,04 1-2 years,30,1.0
0.8592,16.6348,14.2918,1,05 2+ years,10,1.0
0.2031,4.8805,0.9912,0,02 3-6 months,28,1.0
0.2545,4.8805,1.2419,0,04 1-2 years,27,1.0
0.1894,4.8805,0.9243,0,02 3-6 months,30,1.0
0.2029,4.8805,0.9903,0,05 2+ years,15,1.0
0.3217,4.8805,1.5699,0,05 2+ years,22,1.0
0.2726,4.8805,1.3303,0,03 6-12 months,21,9.0
0.1844,4.8805,0.9,0,05 2+ years,16,1.0
0.1551,4.8805,0.7569,0,05 2+ years,29,1.0
0.8692,16.6348,14.4583,1,04 1-2 years,20,1.0
0.1633,4.8805,0.7972,0,04 1-2 years,22,2.0
0.9069,7.4219,6.7307,1,05 2+ years,15,1.0
0.1342,4.8805,0.6548,1,03 6-12 months,10,1.0
0.1635,4.8805,0.7978,0,05 2+ years,23,1.0
0.1473,4.8805,0.7189,0,05 2+ years,18,2.0
0.8814,7.4219,6.5419,1,04 1-2 years,30,1.0
0.8926,16.6348,14.8478,0,04 1-2 years,15,1.0
0.2668,4.8805,1.3021,1,05 2+ years,9,7.0
0.1233,4.8805,0.6015,0,04 1-2 years,30,1.0
0.9615,7.4219,7.1358,1,05 2+ years,12,1.0
0.868,16.6348,14.4388,1,04 1-2 years,29,1.0
0.1216,4.8805,0.5935,0,04 1-2 years,30,1.0
0.6236,4.8805,3.0435,1,05 2+ years,9,14.0
0.2051,4.8805,1.0009,1,02 3-6 months,30,1.0
0.4267,4.8805,2.0827,0,01 0-3 months,18,1.0
0.1447,4.8805,0.7063,0,02 3-6 months,26,1.0
0.266,4.8805,1.2984,1,05 2+ years,25,2.0
0.1648,4.8805,0.8043,0,04 1-2 years,29,1.0
0.1933,4.8805,0.9432,0,02 3-6 months,24,1.0
0.3893,4.8805,1.9001,0,02 3-6 months,12,7.0
0.723,4.8805,3.5284,1,02 3-6 months,5,6.0
0.1012,4.8805,0.4941,0,05 2+ years,28,1.0
0.2915,4.8805,1.4229,0,05 2+ years,27,1.0
0.2252,4.8805,1.0989,0,05 2+ years,27,1.0
0.1432,4.8805,0.6989,0,05 2+ years,26,1.0
0.3447,4.8805,1.6825,1,04 1-2 years,19,2.0
0.2811,4.8805,1.372,0,05 2+ years,26,2.0
0.1614,4.8805,0.7879,0,05 2+ years,25,1.0
0.2972,4.8805,1.4504,1,03 6-12 months,5,1.0
0.9622,7.4219,7.1412,1,05 2+ years,17,2.0
0.3349,4.8805,1.6343,0,05 2+ years,25,1.0
0.2134,4.8805,1.0414,0,05 2+ years,11,3.0
0.1689,4.8805,0.8243,0,05 2+ years,28,1.0
0.1846,4.8805,0.9011,0,05 2+ years,28,1.0
0.2485,4.8805,1.2129,0,05 2+ years,10,2.0
0.2328,4.8805,1.1363,1,02 3-6 months,29,1.0
0.8709,16.6348,14.4879,0,05 2+ years,7,3.0
0.243,4.8805,1.1862,0,05 2+ years,22,2.0
0.282,4.8805,1.3765,0,04 1-2 years,24,1.0
0.7579,4.8805,3.6989,1,04 1-2 years,5,17.0
0.5567,4.8805,2.717,1,05 2+ years,15,2.0
0.1668,4.8805,0.8141,0,05 2+ years,28,1.0
0.2774,4.8805,1.3538,1,01 0-3 months,19,2.0
0.6028,4.8805,2.9418,0,05 2+ years,29,1.0
0.1446,4.8805,0.7059,0,05 2+ years,24,1.0
0.2322,4.8805,1.1333,0,05 2+ years,12,1.0
0.1987,4.8805,0.9699,0,04 1-2 years,7,1.0
0.4411,4.8805,2.1529,0,05 2+ years,20,4.0
0.1923,4.8805,0.9387,0,03 6-12 months,22,1.0
0.2599,4.8805,1.2684,0,04 1-2 years,26,1.0
0.1819,4.8805,0.888,1,04 1-2 years,21,4.0
0.1559,4.8805,0.7611,0,05 2+ years,28,1.0
0.1558,4.8805,0.7603,0,05 2+ years,30,1.0
0.3679,4.8805,1.7957,0,04 1-2 years,19,1.0
0.2545,4.8805,1.2419,0,05 2+ years,15,1.0
0.3627,4.8805,1.77,0,04 1-2 years,18,2.0
0.1728,4.8805,0.8432,1,04 1-2 years,30,1.0
0.6994,4.8805,3.4136,0,05 2+ years,2,23.0
0.1955,4.8805,0.9542,0,03 6-12 months,6,3.0
0.7982,3.5253,2.8137,1,01 0-3 months,13,1.0
0.2292,4.8805,1.1185,0,05 2+ years,12,4.0
0.6437,4.8805,3.1414,0,05 2+ years,13,1.0
0.2027,4.8805,0.9894,0,04 1-2 years,19,1.0
0.4669,4.8805,2.2788,0,01 0-3 months,23,1.0
0.2895,4.8805,1.4127,0,02 3-6 months,21,1.0
0.3172,4.8805,1.5483,1,02 3-6 months,15,2.0
0.1789,4.8805,0.8733,1,04 1-2 years,23,1.0
0.3252,4.8805,1.587,0,05 2+ years,12,1.0
0.1696,4.8805,0.8277,0,02 3-6 months,25,1.0
0.2602,4.8805,1.27,0,05 2+ years,20,1.0
0.6098,3.5253,2.1497,1,05 2+ years,28,1.0
0.2761,4.8805,1.3476,0,05 2+ years,4,3.0
0.2595,4.8805,1.2665,1,05 2+ years,21,1.0
0.4466,4.8805,2.1797,0,05 2+ years,10,14.0
0.1965,4.8805,0.9591,0,05 2+ years,30,1.0
0.2109,4.8805,1.0294,1,03 6-12 months,14,3.0
0.8771,16.6348,14.5906,1,05 2+ years,15,1.0
0.192,4.8805,0.9368,0,03 6-12 months,25,1.0
0.2266,4.8805,1.1062,0,05 2+ years,30,1.0
0.3733,4.8805,1.8218,1,04 1-2 years,11,1.0
0.1629,4.8805,0.795,0,04 1-2 years,24,1.0
0.3979,4.8805,1.9421,0,01 0-3 months,29,1.0
0.1817,4.8805,0.8868,1,02 3-6 months,18,1.0
0.612,4.8805,2.987,1,01 0-3 months,17,3.0
0.1608,4.8805,0.7846,1,03 6-12 months,29,1.0
0.1468,4.8805,0.7164,0,05 2+ years,29,1.0
0.8324,16.6348,13.8473,1,05 2+ years,27,1.0
0.1536,4.8805,0.7497,0,05 2+ years,30,1.0
0.1601,4.8805,0.7815,0,04 1-2 years,25,2.0
0.2928,4.8805,1.4288,0,04 1-2 years,9,1.0
0.2553,4.8805,1.2459,0,01 0-3 months,26,1.0
0.7485,3.5253,2.6386,1,04 1-2 years,28,1.0
0.2366,4.8805,1.1548,0,05 2+ years,12,1.0
0.2333,4.8805,1.1387,0,05 2+ years,30,1.0
0.8096,3.5253,2.854,1,02 3-6 months,19,4.0
0.2284,4.8805,1.1145,0,05 2+ years,28,2.0
0.3287,4.8805,1.6043,0,05 2+ years,18,1.0
0.3899,4.8805,1.9027,0,05 2+ years,18,1.0
0.2303,4.8805,1.124,0,05 2+ years,30,1.0
0.1364,4.8805,0.6657,0,04 1-2 years,30,1.0
0.8653,7.4219,6.422,1,03 6-12 months,18,1.0
0.1843,4.8805,0.8995,0,05 2+ years,20,1.0
0.5453,4.8805,2.6612,0,05 2+ years,25,5.0
0.6141,4.8805,2.9973,1,04 1-2 years,5,17.0
0.3686,4.8805,1.7991,0,04 1-2 years,19,2.0
0.1872,4.8805,0.9137,0,05 2+ years,27,1.0
0.3396,4.8805,1.6575,0,05 2+ years,22,1.0
0.348,4.8805,1.6985,0,01 0-3 months,21,1.0
0.2513,4.8805,1.2267,1,05 2+ years,24,1.0
0.6031,4.8805,2.9433,0,05 2+ years,6,10.0
0.3083,4.8805,1.5045,1,05 2+ years,15,5.0
0.2902,4.8805,1.4164,0,05 2+ years,20,2.0
0.8515,3.5253,3.0016,1,04 1-2 years,19,1.0
0.1519,4.8805,0.7413,0,05 2+ years,13,3.0
0.8488,16.6348,14.1188,1,04 1-2 years,14,5.0
0.4396,4.8805,2.1453,0,02 3-6 months,26,2.0
0.9684,16.6348,16.1087,1,05 2+ years,0,
0.2186,4.8805,1.0671,0,04 1-2 years,22,2.0
0.2254,4.8805,1.1002,0,01 0-3 months,27,1.0
0.2555,4.8805,1.247,1,02 3-6 months,28,1.0
0.9429,7.4219,6.998,1,05 2+ years,30,1.0
0.5274,4.8805,2.5742,1,05 2+ years,4,4.0
0.1646,4.8805,0.8033,1,05 2+ years,30,1.0
0.4476,4.8805,2.1844,1,05 2+ years,7,3.0
0.209,4.8805,1.0198,1,05 2+ years,10,1.0
0.1712,4.8805,0.8357,0,04 1-2 years,21,1.0
0.1724,4.8805,0.8415,0,05 2+ years,28,1.0
0.2292,4.8805,1.1187,1,03 6-12 months,23,1.0
0.8533,7.4219,6.3334,1,05 2+ years,24,2.0
0.1479,4.8805,0.7218,0,05 2+ years,30,1.0
0.6613,4.8805,3.2277,0,02 3-6 months,10,3.0
0.3483,4.8805,1.6999,1,04 1-2 years,28,1.0
0.7522,16.6348,12.5123,1,05 2+ years,29,1.0
0.2217,4.8805,1.0818,0,05 2+ years,27,1.0
0.1511,4.8805,0.7374,0,05 2+ years,30,1.0
0.5403,4.8805,2.6371,0,05 2+ years,20,1.0
0.3001,4.8805,1.4648,0,05 2+ years,8,2.0
0.3978,4.8805,1.9415,0,05 2+ years,23,1.0
0.2953,4.8805,1.441,0,04 1-2 years,8,4.0
0.2458,4.8805,1.1997,1,05 2+ years,26,1.0
0.1705,4.8805,0.832,0,05 2+ years,22,1.0
0.1791,4.8805,0.8741,0,05 2+ years,24,1.0
0.565,4.8805,2.7575,1,05 2+ years,17,6.0
0.9326,16.6348,15.5142,1,05 2+ years,4,17.0
0.2557,4.8805,1.2478,0,05 2+ years,24,1.0
0.1999,4.8805,0.9755,0,05 2+ years,22,1.0
0.1415,4.8805,0.6905,0,05 2+ years,27,1.0
0.9773,16.6348,16.2573,1,05 2+ years,0,
0.7661,3.5253,2.7005,1,05 2+ years,22,1.0
0.178,4.8805,0.8689,0,05 2+ years,24,1.0
0.22,4.8805,1.0739,0,05 2+ years,27,2.0
0.8239,16.6348,13.705,1,05 2+ years,7,5.0
0.7681,7.4219,5.7006,1,05 2+ years,30,1.0
0.2007,4.8805,0.9793,0,04 1-2 years,29,1.0
0.1795,4.8805,0.8761,0,04 1-2 years,26,1.0
0.8596,3.5253,3.0303,1,03 6-12 months,27,1.0
0.2364,4.8805,1.1537,0,05 2+ years,23,1.0
0.3094,4.8805,1.51,1,05 2+ years,12,1.0
0.8156,16.6348,13.5675,1,05 2+ years,25,1.0
0.9637,7.4219,7.1522,1,05 2+ years,24,1.0
0.2089,4.8805,1.0193,0,04 1-2 years,27,1.0
0.3481,4.8805,1.6991,0,05 2+ years,6,1.0
0.3643,4.8805,1.778,1,05 2+ years,10,1.0
0.253,4.8805,1.2348,0,03 6-12 months,13,1.0
0.2266,4.8805,1.1057,1,03 6-12 months,26,1.0
0.8472,16.6348,14.0933,1,05 2+ years,13,1.0
0.1649,4.8805,0.8049,0,04 1-2 years,29,1.0
0.1748,4.8805,0.8529,0,05 2+ years,30,1.0
0.1326,4.8805,0.6471,0,05 2+ years,30,1.0
0.3195,4.8805,1.5594,1,05 2+ years,22,1.0
0.6757,4.8805,3.2977,1,01 0-3 months,13,8.0
0.128,4.8805,0.6245,0,05 2+ years,24,1.0
0.3034,4.8805,1.4806,0,05 2+ years,15,2.0
0.8284,16.6348,13.7797,1,04 1-2 years,30,1.0
0.2237,4.8805,1.0917,1,03 6-12 months,19,2.0
0.2856,4.8805,1.3938,1,05 2+ years,19,1.0
0.0824,4.8805,0.4022,0,05 2+ years,30,1.0
0.5639,4.8805,2.7522,1,03 6-12 months,26,1.0
0.3149,4.8805,1.537,1,03 6-12 months,20,1.0
0.2283,4.8805,1.1141,1,01 0-3 months,30,1.0
0.2178,4.8805,1.0631,0,03 6-12 months,27,1.0
0.2748,4.8805,1.3411,1,04 1-2 years,28,1.0
0.192,4.8805,0.937,0,05 2+ years,26,1.0
0.5689,4.8805,2.7764,0,04 1-2 years,13,1.0
0.1807,4.8805,0.8819,0,05 2+ years,21,1.0
0.6684,16.6348,11.1179,1,05 2+ years,29,1.0
0.1647,4.8805,0.8037,0,04 1-2 years,30,1.0
0.4653,4.8805,2.271,1,05 2+ years,16,1.0
0.3236,4.8805,1.5794,0,02 3-6 months,15,1.0
0.1628,4.8805,0.7944,0,05 2+ years,28,1.0
0.8123,16.6348,13.5127,1,05 2+ years,28,1.0
0.2453,4.8805,1.197,0,05 2+ years,24,1.0
0.3495,4.8805,1.7057,0,05 2+ years,11,3.0
0.1974,4.8805,0.9635,0,04 1-2 years,27,1.0
0.1198,4.8805,0.5847,0,02 3-6 months,30,1.0
0.2277,4.8805,1.1112,1,03 6-12 months,20,1.0
0.2433,4.8805,1.1875,0,05 2+ years,27,4.0
0.9611,16.6348,15.9876,1,04 1-2 years,1,6.0
0.1475,4.8805,0.7199,0,05 2+ years,27,1.0
0.8335,7.4219,6.1861,1,03 6-12 months,30,1.0
0.6364,4.8805,3.1058,0,03 6-12 months,7,4.0
0.3747,4.8805,1.8288,0,05 2+ years,7,5.0
0.2675,4.8805,1.3055,0,03 6-12 months,28,1.0
0.7981,3.5253,2.8136,0,05 2+ years,0,
0.293,4.8805,1.43,1,05 2+ years,22,1.0
0.1466,4.8805,0.7154,1,05 2+ years,23,1.0
0.4514,4.8805,2.2031,0,02 3-6 months,18,3.0
0.1551,4.8805,0.7572,0,05 2+ years,30,1.0
0.8629,16.6348,14.3542,1,04 1-2 years,18,2.0
0.2312,4.8805,1.1281,0,05 2+ years,21,1.0
0.2331,4.8805,1.1379,0,03 6-12 months,9,2.0
0.2779,4.8805,1.3564,1,02 3-6 months,30,1.0
0.1147,4.8805,0.5596,0,05 2+ years,27,1.0
0.4653,4.8805,2.2707,1,05 2+ years,27,3.0
0.2237,4.8805,1.0919,0,05 2+ years,21,1.0
0.2131,4.8805,1.0402,0,05 2+ years,4,6.0
0.2173,4.8805,1.0607,0,05 2+ years,12,4.0
0.9055,7.4219,6.7205,0,03 6-12 months,4,1.0
0.7594,7.4219,5.6363,0,04 1-2 years,29,1.0
0.8104,4.8805,3.9552,1,01 0-3 months,1,30.0
0.3466,4.8805,1.6915,0,01 0-3 months,30,1.0
0.1987,4.8805,0.9696,1,02 3-6 months,22,1.0
0.8587,16.6348,14.2851,1,05 2+ years,6,11.0
0.1989,4.8805,0.9706,0,05 2+ years,26,1.0
0.2635,4.8805,1.2861,0,01 0-3 months,29,1.0
0.5087,4.8805,2.4828,1,05 2+ years,18,3.0
0.2458,4.8805,1.1998,0,05 2+ years,29,1.0
0.9516,7.4219,7.0625,1,05 2+ years,24,2.0
0.1899,4.8805,0.9267,0,04 1-2 years,18,1.0
0.2487,4.8805,1.2137,0,01 0-3 months,24,1.0
0.1514,4.8805,0.7387,0,05 2+ years,30,1.0
0.1218,4.8805,0.5947,0,05 2+ years,30,1.0
0.8665,3.5253,3.0547,1,05 2+ years,25,1.0
0.1747,4.8805,0.8528,0,04 1-2 years,23,1.0
0.2676,4.8805,1.306,0,01 0-3 months,28,1.0
0.7137,4.8805,3.4832,0,03 6-12 months,1,30.0
0.1785,4.8805,0.8711,0,05 2+ years,19,1.0
0.717,4.8805,3.4994,1,04 1-2 years,7,1.0
0.2812,4.8805,1.3724,1,05 2+ years,13,2.0
0.7194,4.8805,3.5109,0,05 2+ years,5,13.0
0.3812,4.8805,1.8603,1,05 2+ years,12,1.0
0.2488,4.8805,1.2143,0,04 1-2 years,30,1.0
0.9542,7.4219,7.082,0,05 2+ years,1,2.0
0.3746,4.8805,1.8281,0,05 2+ years,14,3.0
0.8779,3.5253,3.0949,1,03 6-12 months,4,4.0
0.2408,4.8805,1.1754,1,04 1-2 years,25,4.0
0.2108,4.8805,1.0287,0,05 2+ years,20,7.0
0.5307,4.8805,2.5901,0,05 2+ years,9,4.0
0.2557,4.8805,1.2481,0,02 3-6 months,25,1.0
0.1514,4.8805,0.7389,0,04 1-2 years,24,1.0
0.1711,4.8805,0.8351,0,04 1-2 years,28,1.0
0.4123,4.8805,2.0124,1,05 2+ years,9,3.0
0.9817,16.6348,16.3311,1,04 1-2 years,0,
0.8301,16.6348,13.8093,1,05 2+ years,2,1.0
0.5881,16.6348,9.7832,0,05 2+ years,30,1.0
0.1704,4.8805,0.8318,1,05 2+ years,20,2.0
0.1316,4.8805,0.6421,0,05 2+ years,30,1.0
0.8607,16.6348,14.3176,1,05 2+ years,25,1.0
0.1644,4.8805,0.8023,0,04 1-2 years,26,1.0
0.9215,7.4219,6.8392,1,02 3-6 months,12,1.0
0.1531,4.8805,0.7474,0,05 2+ years,30,1.0
0.1399,4.8805,0.6826,0,05 2+ years,25,2.0
0.345,4.8805,1.6839,0,04 1-2 years,30,1.0
0.8134,16.6348,13.5308,1,05 2+ years,20,1.0
0.4344,4.8805,2.1202,0,04 1-2 years,25,3.0
0.2748,4.8805,1.3409,0,01 0-3 months,25,1.0
0.874,4.8805,4.2653,1,05 2+ years,2,25.0
0.2406,4.8805,1.1742,1,05 2+ years,29,1.0
0.4811,4.8805,2.3478,0,05 2+ years,30,1.0
0.3794,4.8805,1.8516,1,05 2+ years,4,8.0
0.5166,4.8805,2.5213,1,05 2+ years,23,2.0
0.347,4.8805,1.6938,1,02 3-6 months,24,1.0
0.8588,16.6348,14.2863,1,04 1-2 years,29,1.0
0.7027,4.8805,3.4293,1,01 0-3 months,4,17.0
0.2273,4.8805,1.1093,0,05 2+ years,12,3.0
0.15,4.8805,0.7323,0,05 2+ years,28,1.0
0.2279,4.8805,1.1124,0,05 2+ years,28,1.0
0.1469,4.8805,0.7171,0,03 6-12 months,20,3.0
0.8367,16.6348,13.9177,1,05 2+ years,29,1.0
0.7937,16.6348,13.2022,0,05 2+ years,20,1.0
0.2729,4.8805,1.3321,1,02 3-6 months,29,1.0
0.9332,7.4219,6.9257,1,04 1-2 years,24,1.0
0.1839,4.8805,0.8974,0,01 0-3 months,28,1.0
0.4499,4.8805,2.1957,1,02 3-6 months,7,2.0
0.5507,4.8805,2.6878,0,05 2+ years,6,1.0
0.1745,4.8805,0.8517,0,02 3-6 months,29,1.0
0.2752,4.8805,1.343,0,05 2+ years,14,1.0
0.3155,4.8805,1.5399,0,05 2+ years,28,1.0
0.1125,4.8805,0.5493,0,05 2+ years,30,1.0
0.2736,4.8805,1.3351,1,02 3-6 months,21,1.0
0.2327,4.8805,1.1358,0,05 2+ years,25,1.0
0.1625,4.8805,0.7931,1,04 1-2 years,27,1.0
0.4589,4.8805,2.2396,0,05 2+ years,13,2.0
0.3795,4.8805,1.8521,0,05 2+ years,14,4.0
0.8393,16.6348,13.962,1,04 1-2 years,26,1.0
0.1643,4.8805,0.8017,0,05 2+ years,27,1.0
0.5134,4.8805,2.5057,1,05 2+ years,18,4.0
0.4266,4.8805,2.0819,1,01 0-3 months,28,1.0
0.2304,4.8805,1.1243,0,05 2+ years,28,1.0
0.2437,4.8805,1.1892,0,04 1-2 years,24,2.0
0.9438,16.6348,15.7005,1,04 1-2 years,1,1.0
0.3303,4.8805,1.6119,0,01 0-3 months,15,2.0
0.2003,4.8805,0.9773,0,05 2+ years,25,1.0
0.9563,7.4219,7.0977,1,05 2+ years,23,1.0
0.1341,4.8805,0.6545,0,04 1-2 years,29,1.0
0.2199,4.8805,1.0734,1,04 1-2 years,15,1.0
0.8897,3.5253,3.1365,1,05 2+ years,3,1.0
0.1569,4.8805,0.7657,0,05 2+ years,30,1.0
0.192,4.8805,0.9369,0,04 1-2 years,30,1.0
0.9162,3.5253,3.23,1,02 3-6 months,3,21.0
0.2666,4.8805,1.3011,0,04 1-2 years,19,1.0
0.2194,4.8805,1.0709,0,05 2+ years,30,1.0
0.0882,4.8805,0.4305,0,04 1-2 years,29,1.0
0.1943,4.8805,0.9482,0,05 2+ years,15,1.0
0.6418,3.5253,2.2626,1,05 2+ years,30,1.0
0.2132,4.8805,1.0407,0,04 1-2 years,28,1.0
0.8947,16.6348,14.8829,1,05 2+ years,28,1.0
0.3304,4.8805,1.6126,0,05 2+ years,28,1.0
0.7678,4.8805,3.7471,1,05 2+ years,1,16.0
0.1902,4.8805,0.9283,0,03 6-12 months,29,1.0
0.1674,4.8805,0.8168,0,05 2+ years,29,1.0
0.8425,4.8805,4.1117,1,02 3-6 months,9,17.0
0.7629,16.6348,12.6906,0,04 1-2 years,21,5.0
0.289,4.8805,1.4103,0,05 2+ years,9,6.0
0.1619,4.8805,0.79,0,05 2+ years,18,1.0
0.4209,4.8805,2.0543,0,04 1-2 years,21,1.0
0.9441,7.4219,7.0072,1,05 2+ years,26,1.0
0.3826,4.8805,1.8673,0,03 6-12 months,6,3.0
0.4071,4.8805,1.9871,1,05 2+ years,25,2.0
0.2914,4.8805,1.4224,0,05 2+ years,28,1.0
0.4924,4.8805,2.403,0,04 1-2 years,15,1.0
0.7423,3.5253,2.6168,0,05 2+ years,28,1.0
0.5273,4.8805,2.5737,1,04 1-2 years,11,6.0
0.8167,3.5253,2.8789,1,05 2+ years,30,1.0
0.2242,4.8805,1.0941,1,02 3-6 months,23,2.0
0.2105,4.8805,1.0271,0,05 2+ years,22,3.0
0.3398,4.8805,1.6584,1,05 2+ years,26,1.0
0.5895,4.8805,2.8773,0,05 2+ years,11,4.0
0.097,4.8805,0.4735,0,05 2+ years,29,1.0
0.5173,4.8805,2.5247,1,05 2+ years,11,1.0
0.7444,3.5253,2.6243,1,03 6-12 months,15,1.0
0.4316,4.8805,2.1063,0,03 6-12 months,18,2.0
0.5775,4.8805,2.8185,0,04 1-2 years,10,7.0
0.1951,4.8805,0.9521,0,04 1-2 years,23,1.0
0.1374,4.8805,0.6704,0,04 1-2 years,29,1.0
0.2646,4.8805,1.2914,0,05 2+ years,20,1.0
0.1377,4.8805,0.6719,0,05 2+ years,29,1.0
0.7595,7.4219,5.6366,1,04 1-2 years,30,1.0
0.9332,7.4219,6.9264,1,03 6-12 months,14,1.0
0.1527,4.8805,0.7454,0,02 3-6 months,30,1.0
0.2663,4.8805,1.2995,1,05 2+ years,14,1.0
0.1834,4.8805,0.8952,0,05 2+ years,30,1.0
0.1372,4.8805,0.6696,0,04 1-2 years,25,1.0
0.3515,4.8805,1.7157,0,02 3-6 months,26,3.0
0.8071,7.4219,5.9902,1,05 2+ years,8,4.0
0.2322,4.8805,1.1334,0,05 2+ years,28,1.0
0.3986,3.5253,1.4052,0,05 2+ years,28,1.0
0.431,4.8805,2.1033,0,05 2+ years,30,1.0
0.2321,4.8805,1.1326,0,02 3-6 months,21,1.0
0.3277,4.8805,1.5995,1,01 0-3 months,27,1.0
0.5077,4.8805,2.4778,0,01 0-3 months,21,1.0
0.2345,4.8805,1.1447,0,05 2+ years,22,1.0
0.1852,4.8805,0.904,0,05 2+ years,18,2.0
0.9675,7.4219,7.1807,1,05 2+ years,0,
0.8391,16.6348,13.958,1,05 2+ years,21,2.0
0.3493,4.8805,1.7045,1,05 2+ years,16,1.0
0.3352,4.8805,1.6362,1,05 2+ years,27,1.0
0.3329,4.8805,1.6246,0,05 2+ years,11,2.0
0.3233,4.8805,1.5776,0,01 0-3 months,22,2.0
0.2219,4.8805,1.0828,0,05 2+ years,25,1.0
0.4671,4.8805,2.2798,1,04 1-2 years,24,3.0
0.6118,4.8805,2.9858,1,04 1-2 years,3,6.0
0.8843,16.6348,14.7095,1,05 2+ years,23,5.0
0.6135,4.8805,2.9942,0,04 1-2 years,12,3.0
0.1711,4.8805,0.8352,1,05 2+ years,21,1.0
0.487,4.8805,2.3767,0,05 2+ years,23,1.0
0.2475,4.8805,1.208,0,04 1-2 years,29,2.0
0.1205,4.8805,0.5883,0,05 2+ years,30,1.0
0.2093,4.8805,1.0214,0,04 1-2 years,30,1.0
0.1947,4.8805,0.9503,0,02 3-6 months,22,2.0
0.3637,4.8805,1.775,1,05 2+ years,28,1.0
0.2451,4.8805,1.1964,0,04 1-2 years,4,5.0
0.2685,4.8805,1.3105,0,04 1-2 years,9,3.0
0.5468,4.8805,2.6686,1,05 2+ years,14,1.0
0.4791,4.8805,2.3383,1,03 6-12 months,26,1.0
0.4185,4.8805,2.0424,0,05 2+ years,30,1.0
0.1512,4.8805,0.7381,0,04 1-2 years,30,1.0
0.1487,4.8805,0.7258,0,04 1-2 years,30,1.0
0.1479,4.8805,0.7217,0,04 1-2 years,29,1.0
0.2259,4.8805,1.1024,0,02 3-6 months,15,1.0
0.2441,4.8805,1.1912,0,01 0-3 months,17,1.0
0.2625,4.8805,1.2813,1,02 3-6 months,28,1.0
0.1409,4.8805,0.6875,0,04 1-2 years,25,1.0
0.1758,4.8805,0.8581,0,04 1-2 years,24,1.0
0.2123,4.8805,1.0362,1,05 2+ years,29,1.0
0.2233,4.8805,1.0899,0,05 2+ years,15,1.0
0.8353,16.6348,13.8943,1,04 1-2 years,9,1.0
0.56,4.8805,2.7331,1,01 0-3 months,17,3.0
0.3679,4.8805,1.7956,1,04 1-2 years,9,3.0
0.2848,4.8805,1.3901,1,04 1-2 years,26,1.0
0.5826,7.4219,4.3238,1,05 2+ years,30,1.0
0.5588,4.8805,2.7272,0,01 0-3 months,23,2.0
0.4867,4.8805,2.3755,0,01 0-3 months,21,1.0
0.5699,7.4219,4.2298,1,03 6-12 months,29,1.0
0.226,4.8805,1.103,0,04 1-2 years,18,2.0
0.938,7.4219,6.962,1,05 2+ years,27,1.0
0.3594,4.8805,1.7542,1,03 6-12 months,28,1.0
0.1311,4.8805,0.64,0,03 6-12 months,21,1.0
0.1611,4.8805,0.7864,0,04 1-2 years,29,1.0
0.2933,4.8805,1.4315,1,04 1-2 years,24,2.0
0.1222,4.8805,0.5962,0,04 1-2 years,22,1.0
0.8043,4.8805,3.9255,1,04 1-2 years,6,24.0
0.1411,4.8805,0.6888,1,05 2+ years,29,2.0
0.607,4.8805,2.9624,0,04 1-2 years,12,9.0
0.1357,4.8805,0.662,0,03 6-12 months,20,2.0
0.3058,4.8805,1.4922,0,03 6-12 months,27,1.0
0.2046,4.8805,0.9988,0,04 1-2 years,11,4.0
0.6754,3.5253,2.3811,0,04 1-2 years,23,1.0
0.5114,4.8805,2.4961,1,05 2+ years,14,17.0
0.6952,4.8805,3.3931,0,05 2+ years,7,8.0
0.8308,16.6348,13.8199,1,05 2+ years,30,1.0
0.225,4.8805,1.0979,0,05 2+ years,26,1.0
0.4271,4.8805,2.0843,1,05 2+ years,20,1.0
0.1675,4.8805,0.8175,0,04 1-2 years,29,1.0
0.7642,4.8805,3.7294,1,04 1-2 years,5,14.0
0.3961,4.8805,1.9332,1,05 2+ years,10,5.0
0.8364,16.6348,13.9129,1,03 6-12 months,23,1.0
0.8882,16.6348,14.7746,1,05 2+ years,30,1.0
0.7519,7.4219,5.5808,1,03 6-12 months,16,4.0
0.4665,4.8805,2.2766,0,01 0-3 months,27,3.0
0.1464,4.8805,0.7144,1,05 2+ years,29,1.0
0.8237,16.6348,13.7024,1,05 2+ years,23,1.0
0.8354,16.6348,13.8963,1,05 2+ years,29,1.0
0.8214,16.6348,13.6634,1,05 2+ years,25,1.0
0.2476,4.8805,1.2082,0,01 0-3 months,30,1.0
0.5796,4.8805,2.8286,0,05 2+ years,3,2.0
0.2074,4.8805,1.012,0,05 2+ years,25,3.0
0.2099,4.8805,1.0243,0,05 2+ years,26,1.0
0.1588,4.8805,0.7749,0,04 1-2 years,30,1.0
0.1963,4.8805,0.9581,0,05 2+ years,29,1.0
0.5105,4.8805,2.4917,1,05 2+ years,10,1.0
0.2805,4.8805,1.3688,0,03 6-12 months,25,5.0
0.6986,3.5253,2.4629,1,04 1-2 years,21,2.0
0.9546,16.6348,15.8796,1,03 6-12 months,13,13.0
0.4197,4.8805,2.0482,0,04 1-2 years,15,2.0
0.8631,3.5253,3.0428,0,04 1-2 years,23,1.0
0.5884,4.8805,2.8717,1,05 2+ years,5,17.0
0.5501,4.8805,2.685,1,05 2+ years,3,9.0
0.5764,3.5253,2.0318,1,05 2+ years,17,3.0
0.85,16.6348,14.139,0,05 2+ years,22,1.0
0.1322,4.8805,0.6452,0,05 2+ years,30,1.0
0.3548,4.8805,1.7317,0,05 2+ years,26,1.0
0.3415,4.8805,1.6665,0,05 2+ years,13,1.0
0.1819,4.8805,0.8878,0,04 1-2 years,15,5.0
0.6004,4.8805,2.9302,1,05 2+ years,18,2.0
0.1462,4.8805,0.7133,0,05 2+ years,26,1.0
0.241,4.8805,1.1764,0,05 2+ years,28,1.0
0.2529,4.8805,1.2341,0,05 2+ years,20,1.0
0.2558,4.8805,1.2486,1,02 3-6 months,30,1.0
0.4583,4.8805,2.2367,1,01 0-3 months,16,1.0
0.8773,16.6348,14.593,1,05 2+ years,28,1.0
0.1724,4.8805,0.8416,0,05 2+ years,30,1.0
0.1833,4.8805,0.8947,0,05 2+ years,29,1.0
0.3096,4.8805,1.5112,1,05 2+ years,21,4.0
0.1011,4.8805,0.4933,1,04 1-2 years,26,1.0
0.9677,16.6348,16.0982,1,05 2+ years,0,
0.539,4.8805,2.6307,1,05 2+ years,21,1.0
0.8436,16.6348,14.0331,1,04 1-2 years,25,1.0
0.5728,4.8805,2.7957,0,03 6-12 months,6,3.0
0.8017,16.6348,13.3357,0,05 2+ years,14,1.0
0.2,4.8805,0.976,0,05 2+ years,24,1.0
0.8671,16.6348,14.4246,1,05 2+ years,23,1.0
0.8719,16.6348,14.5038,1,05 2+ years,12,1.0
0.6913,3.5253,2.4369,1,01 0-3 months,7,3.0
0.7749,7.4219,5.751,1,03 6-12 months,12,1.0
0.4052,4.8805,1.9775,1,05 2+ years,30,1.0
0.2617,4.8805,1.2771,0,04 1-2 years,12,1.0
0.1653,4.8805,0.8069,0,03 6-12 months,15,1.0
0.1484,4.8805,0.7244,0,04 1-2 years,14,1.0
0.1794,4.8805,0.8756,0,05 2+ years,30,1.0
0.2258,4.8805,1.1022,0,05 2+ years,30,1.0
0.2352,4.8805,1.1481,0,04 1-2 years,18,2.0
0.2056,4.8805,1.0033,0,05 2+ years,28,1.0
0.8559,16.6348,14.2371,1,05 2+ years,21,1.0
0.1602,4.8805,0.7817,0,05 2+ years,20,1.0
0.1743,4.8805,0.8505,0,04 1-2 years,14,1.0
0.3826,4.8805,1.8674,0,04 1-2 years,29,1.0
0.2209,4.8805,1.078,1,05 2+ years,26,1.0
0.2349,4.8805,1.1463,0,04 1-2 years,26,1.0
0.8737,16.6348,14.5337,1,04 1-2 years,23,1.0
0.6479,16.6348,10.7777,0,05 2+ years,27,1.0
0.8957,16.6348,14.8995,1,05 2+ years,19,1.0
0.346,4.8805,1.6888,0,01 0-3 months,29,1.0
0.3524,4.8805,1.72,0,05 2+ years,20,1.0
0.3329,4.8805,1.6246,1,04 1-2 years,30,1.0
0.2414,4.8805,1.1782,0,05 2+ years,14,4.0
0.2132,4.8805,1.0403,0,04 1-2 years,29,1.0
0.2075,4.8805,1.0129,0,05 2+ years,26,1.0
0.1528,4.8805,0.7455,0,05 2+ years,25,1.0
0.8391,16.6348,13.9577,1,05 2+ years,21,1.0
0.2638,4.8805,1.2873,0,02 3-6 months,17,2.0
0.1646,4.8805,0.8033,1,02 3-6 months,19,1.0
0.7714,0.048,0.037,1,02 3-6 months,7,15.0
0.2186,4.8805,1.0667,0,05 2+ years,30,1.0
0.2503,4.8805,1.2214,1,05 2+ years,13,3.0
0.2366,4.8805,1.1546,0,02 3-6 months,27,1.0
0.4707,4.8805,2.2974,1,04 1-2 years,11,1.0
0.5428,4.8805,2.6493,1,04 1-2 years,11,2.0
0.9613,7.4219,7.135,1,05 2+ years,25,1.0
0.7782,16.6348,12.9455,1,05 2+ years,19,1.0
0.958,16.6348,15.9354,1,05 2+ years,3,1.0
0.2167,4.8805,1.0578,0,05 2+ years,17,3.0
0.2414,4.8805,1.178,1,04 1-2 years,26,1.0
0.9261,7.4219,6.8737,1,05 2+ years,25,1.0
0.6396,3.5253,2.2547,0,05 2+ years,24,1.0
0.4213,4.8805,2.056,0,05 2+ years,22,2.0
0.6102,4.8805,2.9783,1,05 2+ years,12,1.0
0.8683,0.048,0.0417,1,02 3-6 months,12,1.0
0.1737,4.8805,0.848,0,05 2+ years,23,1.0
0.1549,4.8805,0.7558,0,05 2+ years,28,2.0
0.4089,4.8805,1.9957,0,05 2+ years,23,1.0
0.2618,4.8805,1.2778,0,04 1-2 years,25,2.0
0.1278,4.8805,0.6239,0,05 2+ years,26,2.0
0.2179,4.8805,1.0633,0,05 2+ years,27,1.0
0.755,3.5253,2.6614,1,05 2+ years,29,1.0
0.4307,4.8805,2.102,1,05 2+ years,8,5.0
0.2432,4.8805,1.1871,1,04 1-2 years,9,2.0
0.3898,4.8805,1.9022,0,04 1-2 years,25,2.0
0.2307,4.8805,1.1261,0,05 2+ years,16,1.0
0.3157,4.8805,1.5408,1,05 2+ years,16,2.0
0.4683,4.8805,2.2857,0,02 3-6 months,7,9.0
0.3017,4.8805,1.4724,0,03 6-12 months,8,5.0
0.222,4.8805,1.0833,0,05 2+ years,30,1.0
0.8609,16.6348,14.3204,1,05 2+ years,23,1.0
0.2276,4.8805,1.111,0,05 2+ years,19,2.0
0.1698,4.8805,0.8289,0,05 2+ years,24,1.0
0.3469,4.8805,1.6931,1,05 2+ years,17,1.0
0.1747,4.8805,0.8524,0,03 6-12 months,8,1.0
0.1919,4.8805,0.9365,0,05 2+ years,18,1.0
0.7133,7.4219,5.2939,1,03 6-12 months,16,1.0
0.4948,4.8805,2.4147,1,05 2+ years,29,1.0
0.4803,4.8805,2.3439,0,05 2+ years,21,1.0
0.3162,4.8805,1.5433,0,04 1-2 years,25,1.0
0.3912,4.8805,1.9094,1,01 0-3 months,29,1.0
0.2067,4.8805,1.0087,0,05 2+ years,30,1.0
0.1659,4.8805,0.8096,0,04 1-2 years,15,2.0
0.9438,7.4219,7.0045,1,05 2+ years,26,1.0
0.3291,4.8805,1.6059,0,05 2+ years,2,9.0
0.8869,16.6348,14.7537,1,05 2+ years,24,1.0
0.3476,4.8805,1.6966,1,01 0-3 months,30,1.0
0.1232,4.8805,0.6012,0,05 2+ years,26,1.0
0.6322,4.8805,3.0854,1,05 2+ years,14,4.0
0.1264,4.8805,0.617,0,04 1-2 years,26,1.0
0.2682,4.8805,1.3088,1,03 6-12 months,6,1.0
0.3932,4.8805,1.919,0,04 1-2 years,13,1.0
0.357,4.8805,1.7425,1,04 1-2 years,8,13.0
0.8607,7.4219,6.3883,1,05 2+ years,25,1.0
0.1135,4.8805,0.5541,0,05 2+ years,30,1.0
0.1308,4.8805,0.6384,0,05 2+ years,30,1.0
0.2275,4.8805,1.1104,0,02 3-6 months,26,1.0
0.9097,3.5253,3.2071,0,04 1-2 years,3,1.0
0.737,3.5253,2.598,1,03 6-12 months,29,1.0
0.9352,7.4219,6.941,1,05 2+ years,25,1.0
0.3895,4.8805,1.9011,0,05 2+ years,7,1.0
0.6359,16.6348,10.5786,0,05 2+ years,27,1.0
0.4589,4.8805,2.2395,0,05 2+ years,6,13.0
0.1569,4.8805,0.7657,0,04 1-2 years,28,1.0
0.8703,16.6348,14.4777,1,04 1-2 years,17,3.0
0.19,4.8805,0.9272,1,04 1-2 years,25,1.0
0.2718,4.8805,1.3265,0,05 2+ years,23,2.0
0.3329,4.8805,1.6248,0,01 0-3 months,18,1.0
0.8437,7.4219,6.262,1,05 2+ years,19,1.0
0.3045,4.8805,1.4861,1,04 1-2 years,15,1.0
0.3435,4.8805,1.6762,0,05 2+ years,17,6.0
0.2684,4.8805,1.31,1,05 2+ years,12,6.0
0.2829,4.8805,1.3807,0,02 3-6 months,19,1.0
0.8247,7.4219,6.1209,1,04 1-2 years,12,1.0
0.193,4.8805,0.9421,1,04 1-2 years,9,1.0
0.2829,4.8805,1.3807,1,01 0-3 months,26,1.0
0.552,4.8805,2.6941,1,04 1-2 years,16,2.0
0.3736,4.8805,1.8235,1,03 6-12 months,15,3.0
0.435,4.8805,2.1228,1,01 0-3 months,25,1.0
0.2386,4.8805,1.1644,0,05 2+ years,25,1.0
0.4099,4.8805,2.0007,1,05 2+ years,20,4.0
0.2661,4.8805,1.2988,1,04 1-2 years,27,1.0
0.233,4.8805,1.1371,0,01 0-3 months,25,2.0
0.1224,4.8805,0.5974,0,03 6-12 months,26,1.0
0.3492,4.8805,1.7044,0,02 3-6 months,19,6.0
0.1632,4.8805,0.7964,1,02 3-6 months,19,1.0
0.317,4.8805,1.5473,1,05 2+ years,12,1.0
0.8775,3.5253,3.0935,1,05 2+ years,26,2.0
0.2777,4.8805,1.3554,0,05 2+ years,26,4.0
0.7151,4.8805,3.4902,1,01 0-3 months,4,17.0
0.5406,4.8805,2.6385,1,01 0-3 months,7,2.0
0.7125,3.5253,2.5119,0,04 1-2 years,17,2.0
0.3814,4.8805,1.8612,0,04 1-2 years,22,1.0
0.9441,7.4219,7.0067,1,05 2+ years,14,6.0
0.4126,4.8805,2.0135,1,05 2+ years,5,14.0
0.1334,4.8805,0.6509,0,05 2+ years,29,1.0
0.266,4.8805,1.2983,0,04 1-2 years,11,6.0
0.218,4.8805,1.0642,0,03 6-12 months,24,1.0
0.7101,7.4219,5.2706,0,04 1-2 years,29,1.0
0.6011,4.8805,2.9336,1,03 6-12 months,15,3.0
0.9556,7.4219,7.0925,1,04 1-2 years,21,1.0
0.4891,4.8805,2.3869,0,05 2+ years,17,1.0
0.4756,4.8805,2.3213,1,03 6-12 months,4,5.0
0.4526,4.8805,2.2091,1,05 2+ years,9,8.0
0.7354,7.4219,5.4583,1,05 2+ years,30,1.0
0.3252,4.8805,1.587,1,05 2+ years,28,1.0
0.1381,4.8805,0.6738,0,05 2+ years,30,1.0
0.1702,4.8805,0.8309,1,04 1-2 years,23,1.0
0.1464,4.8805,0.7145,0,05 2+ years,30,1.0
0.1145,4.8805,0.5589,0,02 3-6 months,25,1.0
0.1641,4.8805,0.8008,0,04 1-2 years,29,1.0
0.9271,4.8805,4.5246,1,03 6-12 months,1,30.0
0.272,4.8805,1.3275,0,05 2+ years,18,5.0
0.4329,4.8805,2.1126,1,05 2+ years,15,5.0
0.7791,3.5253,2.7466,1,04 1-2 years,26,1.0
0.0977,4.8805,0.4767,0,05 2+ years,22,1.0
0.1189,4.8805,0.5804,0,05 2+ years,30,1.0
0.8523,16.6348,14.1776,1,05 2+ years,26,1.0
0.2179,4.8805,1.0636,0,04 1-2 years,20,1.0
0.2894,4.8805,1.4122,1,05 2+ years,22,1.0
0.8617,16.6348,14.3344,1,05 2+ years,30,1.0
0.3844,4.8805,1.8761,1,05 2+ years,9,1.0
0.2065,4.8805,1.008,1,04 1-2 years,12,1.0
0.1883,4.8805,0.919,0,05 2+ years,23,1.0
0.6143,4.8805,2.9981,0,04 1-2 years,22,9.0
0.9021,16.6348,15.0057,0,05 2+ years,22,1.0
0.3123,4.8805,1.5241,0,04 1-2 years,29,1.0
0.9574,7.4219,7.106,1,05 2+ years,12,1.0
0.1255,4.8805,0.6123,1,05 2+ years,27,1.0
0.1928,4.8805,0.941,1,04 1-2 years,19,1.0
0.9391,3.5253,3.3104,1,99 unknown,0,
0.2185,4.8805,1.0664,0,05 2+ years,28,1.0
0.2005,4.8805,0.9786,0,05 2+ years,24,2.0
0.3845,4.8805,1.8763,0,05 2+ years,15,7.0
0.6755,3.5253,2.3814,1,04 1-2 years,30,1.0
0.4461,4.8805,2.1773,0,03 6-12 months,9,2.0
0.5421,4.8805,2.6456,1,05 2+ years,18,3.0
0.2731,4.8805,1.3327,1,04 1-2 years,17,1.0
0.8553,7.4219,6.3481,1,05 2+ years,17,1.0
0.8932,7.4219,6.6295,1,04 1-2 years,13,6.0
0.8401,7.4219,6.2349,0,05 2+ years,27,1.0
0.1855,4.8805,0.9054,0,03 6-12 months,30,1.0
0.3854,4.8805,1.8811,0,05 2+ years,30,1.0
0.2707,4.8805,1.3212,0,05 2+ years,18,3.0
0.2314,4.8805,1.1292,1,03 6-12 months,14,1.0
0.1509,4.8805,0.7367,0,04 1-2 years,24,1.0
0.4858,7.4219,3.6059,1,03 6-12 months,23,1.0
0.1242,4.8805,0.6059,1,04 1-2 years,30,1.0
0.3045,4.8805,1.4863,0,05 2+ years,14,2.0
0.1793,4.8805,0.8751,0,04 1-2 years,24,2.0
0.8442,7.4219,6.2656,1,05 2+ years,24,1.0
0.5204,4.8805,2.54,0,05 2+ years,7,6.0
0.1535,4.8805,0.749,0,05 2+ years,21,1.0
0.8563,3.5253,3.0185,1,05 2+ years,2,1.0
0.4918,4.8805,2.4002,1,05 2+ years,11,1.0
0.7967,3.5253,2.8084,0,05 2+ years,8,3.0
0.3266,4.8805,1.5942,1,05 2+ years,12,1.0
0.148,4.8805,0.7224,0,05 2+ years,24,1.0
0.1991,4.8805,0.9719,0,05 2+ years,21,1.0
0.2024,4.8805,0.9879,0,04 1-2 years,28,1.0
0.9244,7.4219,6.8608,1,03 6-12 months,29,1.0
0.1742,4.8805,0.8502,0,05 2+ years,20,1.0
0.1385,4.8805,0.6762,0,05 2+ years,29,1.0
0.8356,16.6348,13.9006,1,05 2+ years,26,1.0
0.4823,4.8805,2.354,0,05 2+ years,16,5.0
0.3414,4.8805,1.6661,1,04 1-2 years,14,6.0
0.1651,4.8805,0.8059,0,05 2+ years,29,1.0
0.748,4.8805,3.6508,1,02 3-6 months,12,12.0
0.1459,4.8805,0.7122,0,03 6-12 months,29,1.0
0.3259,4.8805,1.5904,0,04 1-2 years,11,1.0
0.2305,4.8805,1.1249,0,02 3-6 months,30,1.0
0.1309,4.8805,0.639,0,05 2+ years,28,1.0
0.2212,4.8805,1.0794,1,05 2+ years,26,1.0
0.329,4.8805,1.6058,1,03 6-12 months,18,2.0
0.9336,7.4219,6.9289,1,05 2+ years,29,1.0
0.2535,4.8805,1.2373,0,05 2+ years,29,1.0
0.2202,4.8805,1.0746,0,05 2+ years,21,1.0
0.3351,4.8805,1.6353,0,01 0-3 months,13,3.0
0.506,4.8805,2.4696,1,05 2+ years,10,2.0
0.8473,7.4219,6.2884,1,04 1-2 years,30,1.0
0.131,4.8805,0.6393,0,03 6-12 months,30,1.0
0.2302,4.8805,1.1235,0,04 1-2 years,28,1.0
0.2447,4.8805,1.1943,0,05 2+ years,30,1.0
0.9416,7.4219,6.9886,1,05 2+ years,29,1.0
0.1516,4.8805,0.7399,0,05 2+ years,30,1.0
0.2212,4.8805,1.0798,0,05 2+ years,26,1.0
0.8805,16.6348,14.6471,1,05 2+ years,8,2.0
0.3999,4.8805,1.9518,1,04 1-2 years,4,9.0
0.3064,4.8805,1.4953,0,04 1-2 years,24,1.0
0.5468,4.8805,2.6684,0,02 3-6 months,6,1.0
0.157,4.8805,0.7663,0,05 2+ years,20,1.0
0.1174,4.8805,0.5732,1,05 2+ years,29,1.0
0.1539,4.8805,0.7513,0,05 2+ years,30,1.0
0.9086,16.6348,15.114,1,05 2+ years,5,18.0
0.2004,4.8805,0.9778,1,03 6-12 months,23,1.0
0.4336,4.8805,2.1161,1,05 2+ years,8,2.0
0.2918,4.8805,1.4242,1,05 2+ years,30,1.0
0.3121,4.8805,1.5234,1,05 2+ years,27,2.0
0.3864,4.8805,1.8858,0,05 2+ years,28,1.0
0.1422,4.8805,0.6938,0,04 1-2 years,30,1.0
0.861,16.6348,14.3224,0,05 2+ years,23,1.0
0.3171,4.8805,1.5478,0,04 1-2 years,29,1.0
0.1555,4.8805,0.759,0,03 6-12 months,22,1.0
0.1942,4.8805,0.9479,0,05 2+ years,29,1.0
0.2112,4.8805,1.0305,0,03 6-12 months,24,1.0
0.2431,4.8805,1.1865,0,03 6-12 months,28,1.0
0.9296,7.4219,6.8995,1,05 2+ years,30,1.0
0.2269,4.8805,1.1074,0,05 2+ years,28,1.0
0.3845,4.8805,1.8763,1,04 1-2 years,14,1.0
0.2455,4.8805,1.1982,0,05 2+ years,19,1.0
0.0808,4.8805,0.3941,0,05 2+ years,30,1.0
0.717,4.8805,3.4991,0,05 2+ years,4,14.0
0.1863,4.8805,0.9091,0,05 2+ years,28,1.0
0.4115,4.8805,2.0085,1,04 1-2 years,20,2.0
0.2437,4.8805,1.1896,1,04 1-2 years,25,2.0
0.1767,4.8805,0.8622,0,05 2+ years,29,1.0
0.1954,4.8805,0.9539,0,05 2+ years,27,1.0
0.1368,4.8805,0.6677,0,04 1-2 years,30,1.0
0.139,4.8805,0.6786,0,05 2+ years,30,1.0
0.8963,7.4219,6.6525,1,03 6-12 months,9,3.0
0.1328,4.8805,0.6481,0,04 1-2 years,29,1.0
0.2618,4.8805,1.2779,0,05 2+ years,22,2.0
0.8257,3.5253,2.9107,1,02 3-6 months,30,1.0
0.2543,4.8805,1.2414,1,05 2+ years,21,2.0
0.7537,7.4219,5.5936,1,04 1-2 years,19,1.0
0.1653,4.8805,0.8065,1,04 1-2 years,21,1.0
0.8776,7.4219,6.5138,1,03 6-12 months,9,1.0
0.513,4.8805,2.5039,0,05 2+ years,21,1.0
0.4928,4.8805,2.4053,0,05 2+ years,24,1.0
0.1874,4.8805,0.9145,1,03 6-12 months,23,2.0
0.3088,4.8805,1.507,0,04 1-2 years,16,1.0
0.1962,4.8805,0.9574,0,05 2+ years,24,3.0
0.9444,7.4219,7.0091,1,05 2+ years,9,5.0
0.2599,4.8805,1.2685,0,05 2+ years,14,1.0
0.6745,4.8805,3.2918,1,05 2+ years,17,3.0
0.8708,16.6348,14.4848,1,05 2+ years,30,1.0
0.3033,4.8805,1.4801,0,05 2+ years,16,5.0
0.2738,4.8805,1.3362,0,03 6-12 months,18,1.0
0.8216,7.4219,6.0979,1,05 2+ years,23,3.0
0.8353,3.5253,2.9448,1,04 1-2 years,3,1.0
0.4497,4.8805,2.1949,1,05 2+ years,28,1.0
0.1813,4.8805,0.8846,1,04 1-2 years,26,1.0
0.1652,4.8805,0.8061,0,02 3-6 months,24,1.0
0.1333,4.8805,0.6505,0,04 1-2 years,29,1.0
0.8282,16.6348,13.777,1,05 2+ years,29,1.0
0.8117,16.6348,13.5019,1,05 2+ years,30,1.0
0.1925,4.8805,0.9395,0,04 1-2 years,23,2.0
0.7933,16.6348,13.1957,1,05 2+ years,28,1.0
0.346,4.8805,1.6886,0,05 2+ years,11,5.0
0.1831,4.8805,0.8937,0,04 1-2 years,27,1.0
0.8999,7.4219,6.679,1,05 2+ years,29,1.0
0.1609,4.8805,0.7855,0,03 6-12 months,30,1.0
0.2269,4.8805,1.1075,0,05 2+ years,24,1.0
0.4417,4.8805,2.1559,0,04 1-2 years,12,2.0
0.235,4.8805,1.147,1,05 2+ years,27,1.0
0.1836,4.8805,0.8959,0,05 2+ years,15,1.0
0.305,4.8805,1.4886,0,05 2+ years,28,1.0
0.3682,7.4219,2.7325,1,05 2+ years,27,1.0
0.2228,4.8805,1.0876,0,05 2+ years,7,5.0
0.1815,4.8805,0.8858,0,05 2+ years,30,1.0
0.8399,7.4219,6.2339,1,05 2+ years,15,3.0
0.1127,4.8805,0.5503,0,05 2+ years,24,1.0
0.3273,4.8805,1.5974,0,05 2+ years,27,2.0
0.287,4.8805,1.4007,0,04 1-2 years,29,1.0
0.1326,4.8805,0.647,1,04 1-2 years,11,3.0
0.1549,4.8805,0.756,0,05 2+ years,27,1.0
0.1544,4.8805,0.7535,0,04 1-2 years,30,1.0
0.3732,4.8805,1.8216,1,05 2+ years,28,1.0
0.1928,4.8805,0.9407,0,04 1-2 years,25,1.0
0.2418,4.8805,1.1799,1,03 6-12 months,28,1.0
0.8465,7.4219,6.2826,0,05 2+ years,22,1.0
0.5324,7.4219,3.9515,0,05 2+ years,30,1.0
0.8642,7.4219,6.4143,1,05 2+ years,29,1.0
0.8579,16.6348,14.2709,1,05 2+ years,30,1.0
0.2315,4.8805,1.1301,0,04 1-2 years,13,1.0
0.2902,4.8805,1.4162,0,05 2+ years,10,1.0
0.9212,7.4219,6.8369,1,05 2+ years,20,3.0
0.3468,4.8805,1.6925,0,04 1-2 years,12,2.0
0.6811,4.8805,3.3239,0,02 3-6 months,7,2.0
0.5149,4.8805,2.5128,1,05 2+ years,26,1.0
0.3561,4.8805,1.7378,0,01 0-3 months,22,1.0
0.1217,4.8805,0.594,0,04 1-2 years,30,1.0
0.5164,4.8805,2.5205,0,02 3-6 months,28,1.0
0.4502,4.8805,2.1972,0,01 0-3 months,4,8.0
0.4316,4.8805,2.1064,0,05 2+ years,7,9.0
0.7708,7.4219,5.7204,1,05 2+ years,29,1.0
0.8312,7.4219,6.1693,0,05 2+ years,20,1.0
0.3467,4.8805,1.6919,1,05 2+ years,20,1.0
0.7501,7.4219,5.5672,1,04 1-2 years,17,1.0
0.3883,4.8805,1.8949,0,05 2+ years,12,1.0
0.1965,4.8805,0.959,0,05 2+ years,30,1.0
0.5261,4.8805,2.5677,1,05 2+ years,21,2.0
0.3692,4.8805,1.8018,1,05 2+ years,11,15.0
0.9595,7.4219,7.1213,1,05 2+ years,14,1.0
0.2165,4.8805,1.0564,0,02 3-6 months,27,1.0
0.45,4.8805,2.1964,0,03 6-12 months,21,1.0
0.2517,4.8805,1.2285,1,03 6-12 months,27,1.0
0.8324,16.6348,13.8476,1,05 2+ years,30,1.0
0.2886,4.8805,1.4085,1,04 1-2 years,14,5.0
0.6913,4.8805,3.3737,1,02 3-6 months,8,14.0
0.8808,7.4219,6.5373,1,05 2+ years,20,1.0
0.6226,4.8805,3.0388,0,05 2+ years,12,1.0
0.7926,16.6348,13.1841,1,05 2+ years,25,1.0
0.8885,16.6348,14.7801,1,05 2+ years,14,5.0
0.7048,16.6348,11.7243,1,04 1-2 years,28,1.0
0.2041,4.8805,0.9962,0,05 2+ years,30,1.0
0.3047,4.8805,1.4868,0,01 0-3 months,30,1.0
0.888,16.6348,14.7712,1,05 2+ years,11,4.0
0.2796,4.8805,1.3645,0,04 1-2 years,20,1.0
0.2495,4.8805,1.2176,0,03 6-12 months,11,1.0
0.1556,4.8805,0.7594,0,04 1-2 years,24,1.0
0.873,16.6348,14.5219,1,04 1-2 years,23,1.0
0.1953,4.8805,0.9533,1,03 6-12 months,20,3.0
0.2109,4.8805,1.0293,0,05 2+ years,27,1.0
0.3637,4.8805,1.7753,1,05 2+ years,18,1.0
0.2455,4.8805,1.1984,0,04 1-2 years,28,1.0
0.2229,4.8805,1.088,0,05 2+ years,30,1.0
0.9626,3.5253,3.3933,1,03 6-12 months,4,8.0
0.8593,16.6348,14.2937,1,05 2+ years,28,1.0
0.334,4.8805,1.63,0,05 2+ years,30,1.0
0.9268,7.4219,6.8784,1,04 1-2 years,0,
0.2973,4.8805,1.4512,0,05 2+ years,25,1.0
0.2893,4.8805,1.4118,0,01 0-3 months,15,1.0
0.1361,4.8805,0.6641,0,04 1-2 years,29,1.0
0.1942,4.8805,0.9477,0,04 1-2 years,29,1.0
0.7283,3.5253,2.5673,0,02 3-6 months,27,1.0
0.6017,4.8805,2.9366,0,05 2+ years,17,5.0
0.2778,4.8805,1.3557,0,05 2+ years,29,1.0
0.9438,7.4219,7.0046,1,04 1-2 years,30,1.0
0.7281,7.4219,5.404,1,05 2+ years,30,1.0
0.8738,16.6348,14.5362,1,05 2+ years,8,4.0
0.8386,7.4219,6.2239,1,04 1-2 years,10,3.0
0.161,4.8805,0.7858,0,04 1-2 years,23,2.0
0.3115,4.8805,1.5203,0,05 2+ years,27,2.0
0.2842,4.8805,1.3871,0,01 0-3 months,29,1.0
0.7223,4.8805,3.5252,1,04 1-2 years,10,7.0
0.1594,4.8805,0.7779,0,05 2+ years,20,1.0
0.1555,4.8805,0.7589,0,05 2+ years,23,1.0
0.2359,4.8805,1.1512,0,04 1-2 years,27,1.0
0.6064,4.8805,2.9596,1,05 2+ years,9,4.0
0.3902,4.8805,1.9044,0,04 1-2 years,5,2.0
0.4084,4.8805,1.9932,0,02 3-6 months,10,2.0
0.2285,4.8805,1.1154,1,01 0-3 months,30,1.0
0.1416,4.8805,0.6911,0,05 2+ years,28,1.0
0.4257,4.8805,2.0778,0,04 1-2 years,18,1.0
0.2245,4.8805,1.0958,0,04 1-2 years,24,6.0
0.2304,4.8805,1.1247,0,04 1-2 years,15,1.0
0.2528,4.8805,1.2337,0,05 2+ years,14,5.0
0.7827,16.6348,13.0202,1,05 2+ years,19,1.0
0.2387,4.8805,1.1649,0,05 2+ years,13,2.0
0.917,3.5253,3.2327,1,03 6-12 months,4,4.0
0.8748,16.6348,14.5514,1,05 2+ years,27,1.0
0.7245,7.4219,5.3768,1,03 6-12 months,20,1.0
0.142,4.8805,0.693,0,05 2+ years,21,1.0
0.4098,4.8805,1.9999,1,01 0-3 months,30,1.0
0.8336,4.8805,4.0683,1,01 0-3 months,1,30.0
0.8867,16.6348,14.7508,1,05 2+ years,22,1.0
0.7949,7.4219,5.8995,0,05 2+ years,23,1.0
0.4061,4.8805,1.9821,0,05 2+ years,17,1.0
0.1592,4.8805,0.7769,0,05 2+ years,30,1.0
0.2434,4.8805,1.1881,1,05 2+ years,15,2.0
0.2648,4.8805,1.2922,0,05 2+ years,28,1.0
0.4175,4.8805,2.0377,1,05 2+ years,5,6.0
0.1198,4.8805,0.5846,1,04 1-2 years,30,1.0
0.2675,4.8805,1.3056,0,04 1-2 years,29,1.0
0.1966,4.8805,0.9597,0,05 2+ years,17,1.0
0.8909,16.6348,14.8194,1,05 2+ years,21,2.0
0.4449,4.8805,2.1714,1,01 0-3 months,21,1.0
0.734,7.4219,5.448,1,05 2+ years,21,2.0
0.2753,4.8805,1.3435,0,04 1-2 years,5,7.0
0.8454,3.5253,2.9802,1,01 0-3 months,13,1.0
0.3851,4.8805,1.8797,0,05 2+ years,13,1.0
0.3717,4.8805,1.814,0,01 0-3 months,25,1.0
0.1627,4.8805,0.7939,0,05 2+ years,28,1.0
0.1159,4.8805,0.5659,0,04 1-2 years,30,1.0
0.1686,4.8805,0.8226,0,05 2+ years,24,1.0
0.2319,4.8805,1.1318,0,04 1-2 years,22,2.0
0.1516,4.8805,0.7397,1,03 6-12 months,27,1.0
0.1551,4.8805,0.7571,0,04 1-2 years,15,1.0
0.1751,4.8805,0.8548,0,05 2+ years,16,1.0
0.3814,4.8805,1.8616,0,05 2+ years,13,5.0
0.858,7.4219,6.368,1,05 2+ years,28,1.0
0.4269,4.8805,2.0834,0,02 3-6 months,12,3.0
0.2902,4.8805,1.4163,0,05 2+ years,15,3.0
0.2965,4.8805,1.4472,0,04 1-2 years,12,1.0
0.854,16.6348,14.2065,1,05 2+ years,7,7.0
0.2751,4.8805,1.3425,1,03 6-12 months,25,1.0
0.2101,4.8805,1.0255,0,05 2+ years,26,1.0
0.5373,4.8805,2.6223,1,04 1-2 years,9,2.0
0.1139,4.8805,0.556,1,05 2+ years,30,1.0
0.1443,4.8805,0.7042,0,05 2+ years,30,1.0
0.7822,16.6348,13.0112,1,05 2+ years,30,1.0
0.2687,4.8805,1.3115,0,03 6-12 months,13,1.0
0.617,7.4219,4.579,1,05 2+ years,24,1.0
0.1748,4.8805,0.8529,0,05 2+ years,24,2.0
0.7546,4.8805,3.6829,1,01 0-3 months,6,7.0
0.2969,4.8805,1.4488,1,05 2+ years,6,5.0
0.8314,7.4219,6.1704,1,05 2+ years,13,1.0
0.8546,7.4219,6.343,1,05 2+ years,26,1.0
0.5036,4.8805,2.4577,0,05 2+ years,3,5.0
0.2923,4.8805,1.4265,1,05 2+ years,9,3.0
0.1173,4.8805,0.5723,0,05 2+ years,28,1.0
0.1813,4.8805,0.8848,0,03 6-12 months,28,2.0
0.3047,4.8805,1.4869,1,05 2+ years,14,2.0
0.2129,4.8805,1.0393,0,03 6-12 months,17,1.0
0.2248,4.8805,1.097,1,05 2+ years,23,1.0
0.1476,4.8805,0.7203,0,04 1-2 years,30,1.0
0.1996,4.8805,0.9742,0,04 1-2 years,27,1.0
0.4957,4.8805,2.4191,1,05 2+ years,18,4.0
0.16,4.8805,0.7807,1,05 2+ years,29,1.0
0.307,4.8805,1.4985,0,02 3-6 months,11,5.0
0.502,4.8805,2.4501,0,02 3-6 months,4,4.0
0.1754,4.8805,0.8562,0,04 1-2 years,30,1.0
0.5198,4.8805,2.5367,1,03 6-12 months,19,2.0
0.9567,16.6348,15.9148,1,05 2+ years,3,28.0
0.8927,7.4219,6.6257,1,04 1-2 years,4,3.0
0.1729,4.8805,0.8441,1,04 1-2 years,30,1.0
0.1214,4.8805,0.5926,0,05 2+ years,30,1.0
0.1546,4.8805,0.7545,0,05 2+ years,30,1.0
0.806,3.5253,2.8412,1,03 6-12 months,28,1.0
0.1915,4.8805,0.9344,1,05 2+ years,24,2.0
0.2883,4.8805,1.4071,0,05 2+ years,14,1.0
0.3558,4.8805,1.7364,0,04 1-2 years,8,2.0
0.7778,4.8805,3.796,0,04 1-2 years,13,7.0
0.8721,7.4219,6.4724,1,03 6-12 months,4,1.0
0.8884,16.6348,14.7789,1,05 2+ years,30,1.0
0.3588,4.8805,1.751,1,04 1-2 years,25,1.0
0.1203,4.8805,0.5873,0,05 2+ years,30,1.0
0.2334,4.8805,1.1391,1,05 2+ years,16,3.0
0.1437,4.8805,0.7012,0,05 2+ years,28,1.0
0.4816,4.8805,2.3505,0,03 6-12 months,27,1.0
0.4735,4.8805,2.3108,0,01 0-3 months,24,1.0
0.6518,3.5253,2.2978,1,01 0-3 months,13,4.0
0.8734,7.4219,6.4824,1,05 2+ years,23,4.0
0.1504,4.8805,0.7341,0,05 2+ years,28,1.0
0.1365,4.8805,0.6663,0,05 2+ years,30,1.0
0.2188,4.8805,1.0679,0,05 2+ years,26,1.0
0.8691,7.4219,6.4501,1,05 2+ years,29,2.0
0.1566,4.8805,0.7645,0,05 2+ years,27,1.0
0.3157,4.8805,1.5409,0,01 0-3 months,17,2.0
0.2322,4.8805,1.1331,0,05 2+ years,22,1.0
0.2577,4.8805,1.2579,0,05 2+ years,30,1.0
0.7809,16.6348,12.9907,1,05 2+ years,27,1.0
0.2679,4.8805,1.3076,0,04 1-2 years,21,1.0
0.1994,4.8805,0.9731,0,04 1-2 years,20,1.0
0.3272,4.8805,1.5969,0,01 0-3 months,28,1.0
0.3155,4.8805,1.5396,0,03 6-12 months,25,1.0
0.4362,4.8805,2.1289,0,05 2+ years,15,1.0
0.8255,16.6348,13.7316,1,04 1-2 years,28,1.0
0.1015,4.8805,0.4952,1,03 6-12 months,30,1.0
0.1588,4.8805,0.775,0,04 1-2 years,30,1.0
0.1952,4.8805,0.9527,0,05 2+ years,24,2.0
0.2721,4.8805,1.328,1,05 2+ years,30,1.0
0.1196,4.8805,0.5835,0,05 2+ years,29,1.0
0.3423,4.8805,1.6704,1,05 2+ years,29,1.0
0.5649,4.8805,2.7568,1,05 2+ years,17,1.0
0.8465,16.6348,14.0821,1,05 2+ years,28,1.0
0.1716,4.8805,0.8377,1,04 1-2 years,30,1.0
0.2089,4.8805,1.0196,1,02 3-6 months,29,1.0
0.2425,4.8805,1.1834,0,05 2+ years,19,4.0
0.3716,4.8805,1.8135,0,02 3-6 months,13,2.0
0.3796,4.8805,1.8526,0,05 2+ years,29,1.0
0.8734,7.4219,6.4819,1,04 1-2 years,14,2.0
0.1761,4.8805,0.8595,0,05 2+ years,30,1.0
0.187,4.8805,0.9129,1,05 2+ years,30,1.0
0.3221,4.8805,1.572,0,01 0-3 months,25,1.0
0.3108,4.8805,1.5166,1,05 2+ years,11,1.0
0.4367,3.5253,1.5396,0,05 2+ years,16,1.0
0.3573,4.8805,1.7439,1,04 1-2 years,7,1.0
0.2148,4.8805,1.0485,0,04 1-2 years,27,1.0
0.9772,7.4219,7.2525,1,03 6-12 months,0,
0.1875,4.8805,0.9149,0,03 6-12 months,18,1.0
0.5876,4.8805,2.8676,1,05 2+ years,5,3.0
0.109,4.8805,0.5318,0,05 2+ years,26,1.0
0.1675,4.8805,0.8177,0,04 1-2 years,24,1.0
0.3429,4.8805,1.6737,0,03 6-12 months,20,1.0
0.9085,3.5253,3.2026,1,05 2+ years,21,4.0
0.1568,4.8805,0.7654,0,05 2+ years,27,1.0
0.2296,4.8805,1.1204,0,05 2+ years,20,2.0
0.2033,4.8805,0.9923,0,04 1-2 years,30,1.0
0.237,4.8805,1.1566,0,04 1-2 years,18,2.0
0.3536,4.8805,1.7257,0,03 6-12 months,26,1.0
0.7986,3.5253,2.8152,1,03 6-12 months,24,1.0
0.8152,3.5253,2.8739,1,05 2+ years,27,1.0
0.2758,4.8805,1.3459,0,03 6-12 months,10,4.0
0.4222,4.8805,2.0605,0,01 0-3 months,21,1.0
0.7204,7.4219,5.3468,0,05 2+ years,14,5.0
0.3094,4.8805,1.5098,0,05 2+ years,29,1.0
0.1754,4.8805,0.8561,0,04 1-2 years,19,1.0
0.818,3.5253,2.8837,0,05 2+ years,30,1.0
0.1531,4.8805,0.7471,0,04 1-2 years,27,1.0
0.254,4.8805,1.2399,0,04 1-2 years,22,1.0
0.1778,4.8805,0.8676,0,05 2+ years,20,1.0
0.1299,4.8805,0.6338,0,05 2+ years,29,1.0
0.7909,3.5253,2.7882,1,02 3-6 months,8,2.0
0.2416,4.8805,1.1791,0,04 1-2 years,12,3.0
0.2459,4.8805,1.2003,0,03 6-12 months,29,1.0
0.2032,4.8805,0.9917,1,05 2+ years,18,1.0
0.9629,7.4219,7.1466,1,05 2+ years,25,1.0
0.3204,4.8805,1.5636,0,04 1-2 years,10,4.0
0.3944,4.8805,1.9247,0,05 2+ years,21,1.0
0.4552,4.8805,2.2215,1,04 1-2 years,29,1.0
0.3589,4.8805,1.7515,0,05 2+ years,25,2.0
0.0844,4.8805,0.4118,0,05 2+ years,30,1.0
0.8261,7.4219,6.1314,1,04 1-2 years,29,1.0
0.1803,4.8805,0.8798,1,05 2+ years,22,1.0
0.881,7.4219,6.5389,0,03 6-12 months,6,2.0
0.9009,7.4219,6.6867,0,05 2+ years,17,1.0
0.2217,4.8805,1.082,0,02 3-6 months,16,1.0
0.4199,4.8805,2.0495,0,04 1-2 years,22,2.0
0.5157,4.8805,2.5166,0,03 6-12 months,24,4.0
0.1552,4.8805,0.7574,1,04 1-2 years,29,1.0
0.6645,4.8805,3.2432,1,05 2+ years,5,6.0
0.2813,4.8805,1.3727,0,04 1-2 years,15,2.0
0.5394,4.8805,2.6327,1,01 0-3 months,10,20.0
0.2132,4.8805,1.0403,0,02 3-6 months,30,1.0
0.3582,4.8805,1.7482,0,01 0-3 months,30,1.0
0.1737,4.8805,0.8475,0,05 2+ years,28,1.0
0.3692,4.8805,1.8018,1,05 2+ years,3,1.0
0.899,16.6348,14.9541,1,05 2+ years,11,3.0
0.1589,4.8805,0.7757,0,05 2+ years,30,1.0
0.3281,4.8805,1.6012,1,05 2+ years,18,1.0
0.1414,4.8805,0.69,0,05 2+ years,28,1.0
0.1886,4.8805,0.9203,0,03 6-12 months,24,1.0
0.9008,7.4219,6.686,1,04 1-2 years,22,1.0
0.469,4.8805,2.289,1,05 2+ years,13,2.0
0.3468,4.8805,1.6926,0,01 0-3 months,21,1.0
0.1773,4.8805,0.8654,0,04 1-2 years,26,2.0
0.3021,4.8805,1.4743,0,01 0-3 months,30,1.0
0.4762,4.8805,2.324,0,05 2+ years,5,5.0
0.2395,4.8805,1.169,0,05 2+ years,16,2.0
0.1757,4.8805,0.8574,0,05 2+ years,28,1.0
0.803,7.4219,5.9601,1,04 1-2 years,13,1.0
0.1771,4.8805,0.8643,0,03 6-12 months,21,1.0
0.8683,3.5253,3.0611,0,05 2+ years,3,1.0
0.8338,16.6348,13.8699,1,05 2+ years,17,2.0
0.8384,7.4219,6.2227,1,05 2+ years,23,1.0
0.2757,4.8805,1.3453,0,03 6-12 months,21,2.0
0.2682,4.8805,1.3088,0,04 1-2 years,16,1.0
0.6819,3.5253,2.4041,0,05 2+ years,11,4.0
0.1239,4.8805,0.6047,0,04 1-2 years,28,1.0
0.1879,4.8805,0.9169,0,04 1-2 years,25,1.0
0.1169,4.8805,0.5704,0,05 2+ years,30,1.0
0.4559,4.8805,2.225,1,01 0-3 months,15,2.0
0.7515,7.4219,5.5778,1,04 1-2 years,29,1.0
0.3222,4.8805,1.5727,0,04 1-2 years,9,5.0
0.3107,4.8805,1.5164,1,03 6-12 months,12,10.0
0.2822,4.8805,1.3772,0,01 0-3 months,30,1.0
0.1962,4.8805,0.9577,1,05 2+ years,17,1.0
0.2017,4.8805,0.9844,1,04 1-2 years,30,1.0
0.8801,16.6348,14.6396,1,05 2+ years,11,1.0
0.2044,4.8805,0.9978,0,05 2+ years,26,1.0
0.862,16.6348,14.3397,1,05 2+ years,22,1.0
0.5861,4.8805,2.8605,1,04 1-2 years,23,1.0
0.4433,4.8805,2.1636,0,05 2+ years,20,2.0
0.2572,4.8805,1.2551,1,05 2+ years,19,1.0
0.245,4.8805,1.1958,0,05 2+ years,10,2.0
0.2298,4.8805,1.1215,1,04 1-2 years,21,5.0
0.1386,4.8805,0.6766,0,05 2+ years,28,1.0
0.4398,4.8805,2.1465,0,05 2+ years,24,1.0
0.8455,16.6348,14.0641,1,04 1-2 years,25,1.0
0.4162,4.8805,2.0314,1,05 2+ years,6,1.0
0.2515,4.8805,1.2276,0,05 2+ years,28,1.0
0.21,4.8805,1.0247,0,02 3-6 months,18,3.0
0.5143,4.8805,2.5102,1,03 6-12 months,21,5.0
0.2446,4.8805,1.1936,1,02 3-6 months,11,1.0
0.3371,4.8805,1.6451,0,05 2+ years,25,1.0
0.1348,4.8805,0.6577,0,03 6-12 months,29,1.0
0.8745,16.6348,14.5466,1,05 2+ years,16,2.0
0.6863,4.8805,3.3496,1,05 2+ years,11,13.0
0.3533,4.8805,1.7242,0,05 2+ years,20,1.0
0.5587,4.8805,2.7267,1,05 2+ years,3,17.0
0.7967,7.4219,5.9133,0,03 6-12 months,2,3.0
0.2036,4.8805,0.9938,0,05 2+ years,20,1.0
0.8049,16.6348,13.3898,1,05 2+ years,22,1.0
0.4081,4.8805,1.9919,0,05 2+ years,6,3.0
0.3743,4.8805,1.8267,0,05 2+ years,28,1.0
0.8492,7.4219,6.303,1,03 6-12 months,18,1.0
0.7293,4.8805,3.5594,0,04 1-2 years,3,1.0
0.2181,4.8805,1.0644,0,05 2+ years,12,1.0
0.1302,4.8805,0.6355,0,03 6-12 months,15,1.0
0.5609,4.8805,2.7373,1,05 2+ years,11,4.0
0.2217,4.8805,1.0819,0,03 6-12 months,30,1.0
0.7447,4.8805,3.6343,1,04 1-2 years,4,19.0
0.2022,4.8805,0.987,0,05 2+ years,29,1.0
0.2417,4.8805,1.1795,0,04 1-2 years,22,3.0
0.6371,4.8805,3.1096,1,05 2+ years,2,29.0
0.9107,16.6348,15.15,1,05 2+ years,5,12.0
0.4094,4.8805,1.9979,0,01 0-3 months,9,1.0
0.8469,16.6348,14.0885,1,05 2+ years,6,5.0
0.2052,4.8805,1.0015,0,03 6-12 months,26,1.0
0.3727,4.8805,1.8188,1,05 2+ years,13,2.0
0.3023,4.8805,1.4756,0,05 2+ years,11,2.0
0.4641,4.8805,2.265,0,05 2+ years,30,1.0
0.18,4.8805,0.8783,1,05 2+ years,28,1.0
0.1929,4.8805,0.9415,0,03 6-12 months,27,1.0
0.394,4.8805,1.9228,1,05 2+ years,13,7.0
0.2381,4.8805,1.1621,0,05 2+ years,8,1.0
0.6327,4.8805,3.0878,1,04 1-2 years,5,12.0
0.1996,4.8805,0.9743,1,05 2+ years,24,2.0
0.4011,4.8805,1.9573,1,05 2+ years,11,5.0
0.2365,4.8805,1.154,0,05 2+ years,29,1.0
0.1231,4.8805,0.6009,0,04 1-2 years,29,1.0
0.9427,7.4219,6.9966,1,05 2+ years,29,1.0
0.2738,4.8805,1.3363,1,03 6-12 months,22,2.0
0.2229,4.8805,1.0878,0,05 2+ years,30,1.0
0.2867,4.8805,1.3994,1,04 1-2 years,17,1.0
0.234,4.8805,1.1419,0,05 2+ years,20,1.0
0.8721,16.6348,14.507,1,05 2+ years,4,8.0
0.9467,3.5253,3.3373,1,05 2+ years,5,1.0
0.1474,4.8805,0.7194,1,05 2+ years,28,1.0
0.9593,7.4219,7.1197,1,05 2+ years,24,1.0
0.9566,3.5253,3.3722,1,01 0-3 months,0,
0.2238,4.8805,1.0924,1,05 2+ years,28,1.0
0.749,7.4219,5.559,0,04 1-2 years,4,1.0
0.8437,16.6348,14.0344,1,04 1-2 years,19,1.0
0.218,4.8805,1.0639,0,04 1-2 years,28,1.0
0.7959,7.4219,5.9073,1,02 3-6 months,17,2.0
0.1602,4.8805,0.7821,0,05 2+ years,30,1.0
0.1687,4.8805,0.8234,0,04 1-2 years,26,1.0
0.3887,4.8805,1.8972,1,05 2+ years,22,1.0
0.882,16.6348,14.6718,1,04 1-2 years,16,5.0
0.4495,4.8805,2.1937,0,04 1-2 years,25,1.0
0.1803,4.8805,0.8798,0,05 2+ years,27,1.0
0.8793,16.6348,14.6269,1,05 2+ years,26,1.0
0.3272,4.8805,1.597,0,05 2+ years,30,1.0
0.1582,4.8805,0.7723,0,04 1-2 years,27,2.0
0.6878,0.048,0.033,1,05 2+ years,24,1.0
0.1926,4.8805,0.9399,0,05 2+ years,26,1.0
0.847,16.6348,14.0893,1,05 2+ years,14,2.0
0.335,4.8805,1.6351,1,05 2+ years,13,1.0
0.2137,4.8805,1.043,1,05 2+ years,25,1.0
0.9435,7.4219,7.0024,1,01 0-3 months,3,1.0
0.6884,4.8805,3.3595,1,04 1-2 years,3,27.0
0.1724,4.8805,0.8415,1,04 1-2 years,27,1.0
0.3889,4.8805,1.8979,0,02 3-6 months,23,2.0
0.719,16.6348,11.9601,0,05 2+ years,24,1.0
0.8564,16.6348,14.2454,1,05 2+ years,30,1.0
0.2233,4.8805,1.0899,1,02 3-6 months,21,1.0
0.3068,4.8805,1.4975,0,04 1-2 years,13,1.0
0.7728,4.8805,3.7718,1,04 1-2 years,2,7.0
0.7477,7.4219,5.5491,1,04 1-2 years,24,1.0
0.3574,4.8805,1.7442,0,05 2+ years,6,6.0
0.3936,4.8805,1.9207,1,04 1-2 years,11,1.0
0.4224,4.8805,2.0613,1,05 2+ years,21,1.0
0.9072,16.6348,15.0919,1,05 2+ years,19,6.0
0.1472,4.8805,0.7182,0,04 1-2 years,26,1.0
0.2017,4.8805,0.9842,0,04 1-2 years,23,1.0
0.3079,4.8805,1.5028,0,05 2+ years,12,5.0
0.2856,4.8805,1.3941,0,01 0-3 months,25,1.0
0.2787,4.8805,1.36,1,04 1-2 years,6,4.0
0.3253,4.8805,1.5877,0,05 2+ years,11,4.0
0.2691,4.8805,1.3132,0,02 3-6 months,25,1.0
0.1819,4.8805,0.8879,0,05 2+ years,19,1.0
0.769,3.5253,2.711,1,05 2+ years,19,4.0
0.3588,4.8805,1.7511,1,05 2+ years,25,1.0
0.5614,3.5253,1.9793,1,05 2+ years,21,1.0
0.1577,4.8805,0.7697,0,04 1-2 years,27,1.0
0.2614,4.8805,1.2758,0,05 2+ years,14,4.0
0.1872,4.8805,0.9135,0,05 2+ years,22,1.0
0.5419,4.8805,2.6447,1,05 2+ years,11,1.0
0.2311,4.8805,1.1281,1,05 2+ years,30,1.0
0.2883,4.8805,1.4073,1,05 2+ years,12,1.0
0.8519,7.4219,6.323,1,04 1-2 years,30,1.0
0.2321,4.8805,1.1328,0,05 2+ years,7,2.0
0.2043,4.8805,0.9969,1,05 2+ years,26,1.0
0.136,4.8805,0.6638,0,05 2+ years,27,1.0
0.0861,4.8805,0.4202,0,05 2+ years,27,1.0
0.5117,4.8805,2.4971,1,05 2+ years,30,1.0
0.6459,3.5253,2.2771,1,03 6-12 months,18,1.0
0.1923,4.8805,0.9386,0,04 1-2 years,26,1.0
0.6102,4.8805,2.9779,1,01 0-3 months,17,2.0
0.2908,4.8805,1.4192,0,02 3-6 months,12,1.0
0.2692,4.8805,1.3139,0,02 3-6 months,29,1.0
0.4576,4.8805,2.2334,0,05 2+ years,20,2.0
0.665,4.8805,3.2454,0,05 2+ years,3,23.0
0.9208,4.8805,4.4942,1,01 0-3 months,0,
0.4801,4.8805,2.343,1,04 1-2 years,30,1.0
0.4181,4.8805,2.0407,1,02 3-6 months,25,1.0
0.2956,4.8805,1.4425,0,05 2+ years,5,4.0
0.3083,4.8805,1.5047,1,05 2+ years,26,1.0
0.1205,4.8805,0.5883,0,04 1-2 years,18,1.0
0.1578,4.8805,0.7702,0,03 6-12 months,16,1.0
0.3079,4.8805,1.5025,0,05 2+ years,24,1.0
0.2592,4.8805,1.2649,0,04 1-2 years,18,1.0
0.1298,4.8805,0.6337,0,05 2+ years,29,1.0
0.2454,4.8805,1.1978,0,03 6-12 months,14,1.0
0.258,4.8805,1.259,0,05 2+ years,29,1.0
0.5189,4.8805,2.5327,0,03 6-12 months,4,21.0
0.7347,7.4219,5.4528,1,05 2+ years,23,2.0
0.8707,7.4219,6.4624,1,05 2+ years,29,1.0
0.9674,7.4219,7.1803,1,05 2+ years,0,
0.4919,4.8805,2.4006,0,05 2+ years,28,2.0
0.4764,4.8805,2.3249,0,03 6-12 months,24,1.0
0.1582,4.8805,0.7723,0,05 2+ years,23,1.0
0.1803,4.8805,0.8798,0,05 2+ years,20,1.0
0.8451,16.6348,14.058,1,05 2+ years,29,1.0
0.3706,4.8805,1.8087,0,03 6-12 months,8,2.0
0.2767,4.8805,1.3502,0,05 2+ years,19,3.0
0.2801,4.8805,1.3669,0,05 2+ years,5,5.0
0.1879,4.8805,0.917,0,05 2+ years,25,1.0
0.8345,3.5253,2.9417,1,04 1-2 years,29,1.0
0.8791,3.5253,3.0991,1,04 1-2 years,13,3.0
0.4365,4.8805,2.1302,0,03 6-12 months,28,1.0
0.4809,4.8805,2.3472,0,02 3-6 months,4,1.0
0.0871,4.8805,0.4253,0,05 2+ years,30,1.0
0.1383,4.8805,0.6752,0,04 1-2 years,30,1.0
0.1855,4.8805,0.9052,0,04 1-2 years,23,2.0
0.2193,4.8805,1.0705,1,02 3-6 months,24,2.0
0.1526,4.8805,0.7447,0,05 2+ years,30,1.0
0.8786,7.4219,6.5206,1,03 6-12 months,19,2.0
0.687,4.8805,3.3527,0,04 1-2 years,4,18.0
0.1282,4.8805,0.6255,0,04 1-2 years,30,1.0
0.9508,7.4219,7.0564,1,05 2+ years,28,2.0
0.8394,4.8805,4.0969,0,05 2+ years,6,15.0
0.2578,4.8805,1.2581,0,05 2+ years,29,1.0
0.2615,4.8805,1.2763,0,02 3-6 months,20,1.0
0.2156,4.8805,1.0521,0,03 6-12 months,27,1.0
0.1201,4.8805,0.586,0,04 1-2 years,30,1.0
0.2034,4.8805,0.9928,0,04 1-2 years,15,3.0
0.8589,3.5253,3.0277,1,04 1-2 years,1,1.0
0.2678,4.8805,1.3071,0,03 6-12 months,15,1.0
0.3678,4.8805,1.7951,1,04 1-2 years,25,2.0
0.286,4.8805,1.3956,1,05 2+ years,20,1.0
0.4272,4.8805,2.0852,0,05 2+ years,20,2.0
0.4012,4.8805,1.958,0,05 2+ years,25,1.0
0.5605,4.8805,2.7354,0,05 2+ years,13,2.0
0.3701,4.8805,1.8065,1,01 0-3 months,27,1.0
0.1378,4.8805,0.6727,1,05 2+ years,29,1.0
0.1443,4.8805,0.7043,0,04 1-2 years,30,1.0
0.2035,4.8805,0.9931,0,05 2+ years,20,1.0
0.1823,4.8805,0.8897,0,05 2+ years,18,3.0
0.8448,7.4219,6.27,1,04 1-2 years,26,1.0
0.355,4.8805,1.7326,0,05 2+ years,11,3.0
0.8063,7.4219,5.984,1,05 2+ years,11,5.0
0.5462,4.8805,2.6659,1,05 2+ years,10,1.0
0.4389,4.8805,2.142,1,04 1-2 years,14,2.0
0.2115,4.8805,1.0323,0,04 1-2 years,24,1.0
0.3621,4.8805,1.7673,0,04 1-2 years,19,1.0
0.1561,4.8805,0.762,1,05 2+ years,29,1.0
0.1545,4.8805,0.7541,0,05 2+ years,25,2.0
0.4522,4.8805,2.2072,1,05 2+ years,1,12.0
0.5703,7.4219,4.2327,1,04 1-2 years,27,1.0
0.2533,4.8805,1.2365,0,04 1-2 years,19,2.0
0.3884,4.8805,1.8958,1,03 6-12 months,27,2.0
0.5953,4.8805,2.9051,1,05 2+ years,12,5.0
0.1122,4.8805,0.5475,0,04 1-2 years,30,1.0
0.8958,3.5253,3.1581,1,04 1-2 years,9,1.0
0.7448,7.4219,5.5275,0,04 1-2 years,18,1.0
0.4416,4.8805,2.1553,0,02 3-6 months,28,2.0
0.9695,7.4219,7.1955,1,04 1-2 years,0,
0.3814,4.8805,1.8612,1,01 0-3 months,11,1.0
0.8704,16.6348,14.4795,1,05 2+ years,7,9.0
0.2316,4.8805,1.1304,0,05 2+ years,29,1.0
0.9482,7.4219,7.0373,1,05 2+ years,10,1.0
0.1661,4.8805,0.8108,1,02 3-6 months,29,1.0
0.8336,16.6348,13.8669,1,04 1-2 years,7,3.0
0.2005,4.8805,0.9783,0,03 6-12 months,25,1.0
0.1845,4.8805,0.9007,0,05 2+ years,26,1.0
0.5059,4.8805,2.469,1,04 1-2 years,28,1.0
0.8414,7.4219,6.245,1,04 1-2 years,30,1.0
0.5381,4.8805,2.6262,1,02 3-6 months,25,1.0
0.4785,4.8805,2.3353,0,05 2+ years,20,1.0
0.1956,4.8805,0.9544,0,05 2+ years,28,1.0
0.6519,3.5253,2.298,0,04 1-2 years,17,1.0
0.1548,4.8805,0.7556,1,04 1-2 years,30,1.0
0.8156,7.4219,6.0534,1,05 2+ years,6,1.0
0.8483,16.6348,14.1116,1,05 2+ years,30,1.0
0.2176,4.8805,1.0619,0,01 0-3 months,26,2.0
0.1325,4.8805,0.6466,0,05 2+ years,30,1.0
0.4469,4.8805,2.181,0,05 2+ years,11,6.0
0.9022,16.6348,15.0074,1,04 1-2 years,13,3.0
0.1918,4.8805,0.936,0,05 2+ years,19,1.0
0.2326,4.8805,1.1351,0,04 1-2 years,26,1.0
0.8262,3.5253,2.9127,1,03 6-12 months,30,1.0
0.1857,4.8805,0.9061,0,03 6-12 months,26,1.0
0.5739,4.8805,2.8008,1,04 1-2 years,14,15.0
0.3397,4.8805,1.6581,0,04 1-2 years,6,6.0
0.1238,4.8805,0.6041,1,05 2+ years,30,1.0
0.1806,4.8805,0.8814,0,04 1-2 years,17,1.0
0.1166,4.8805,0.5689,0,05 2+ years,28,1.0
0.1564,4.8805,0.7631,1,05 2+ years,25,1.0
0.1406,4.8805,0.6861,0,04 1-2 years,30,1.0
0.3592,4.8805,1.7533,0,01 0-3 months,20,1.0
0.9289,16.6348,15.4518,1,04 1-2 years,17,8.0
0.1659,4.8805,0.8096,0,05 2+ years,16,3.0
0.9558,3.5253,3.3694,1,03 6-12 months,1,5.0
0.2694,4.8805,1.315,0,05 2+ years,20,1.0
0.1246,4.8805,0.6083,0,05 2+ years,25,1.0
0.2559,4.8805,1.2488,0,04 1-2 years,13,4.0
0.2853,4.8805,1.3926,1,05 2+ years,26,1.0
0.8247,7.4219,6.1209,1,05 2+ years,22,1.0
0.1695,4.8805,0.8273,1,04 1-2 years,23,1.0
0.1958,4.8805,0.9557,0,05 2+ years,28,1.0
0.5083,4.8805,2.4806,1,05 2+ years,20,1.0
0.2942,4.8805,1.4358,0,05 2+ years,21,2.0
0.1769,4.8805,0.8632,0,03 6-12 months,11,1.0
0.19,4.8805,0.9274,0,02 3-6 months,30,1.0
0.1715,4.8805,0.8372,0,05 2+ years,29,1.0
0.194,4.8805,0.947,1,05 2+ years,21,1.0
0.4509,4.8805,2.2006,1,05 2+ years,24,1.0
0.8683,16.6348,14.444,1,05 2+ years,30,1.0
0.2861,4.8805,1.3963,0,02 3-6 months,19,1.0
0.2848,4.8805,1.3902,0,05 2+ years,30,1.0
0.2327,4.8805,1.1356,0,05 2+ years,19,3.0
0.1101,4.8805,0.5373,1,02 3-6 months,30,1.0
0.2916,4.8805,1.423,0,05 2+ years,6,4.0
0.1539,4.8805,0.7511,0,04 1-2 years,24,1.0
0.956,16.6348,15.9035,1,05 2+ years,0,
0.3427,4.8805,1.6725,1,04 1-2 years,18,4.0
0.8467,7.4219,6.2842,1,05 2+ years,27,1.0
0.1985,4.8805,0.9689,1,04 1-2 years,25,1.0
0.8502,7.4219,6.3102,1,05 2+ years,1,1.0
0.7245,3.5253,2.5539,1,05 2+ years,28,1.0
0.773,3.5253,2.7252,0,04 1-2 years,13,2.0
0.159,4.8805,0.776,0,05 2+ years,27,1.0
0.2082,4.8805,1.0163,0,04 1-2 years,23,1.0
0.2467,4.8805,1.2038,0,05 2+ years,23,1.0
0.229,4.8805,1.1174,0,05 2+ years,17,1.0
0.6815,4.8805,3.326,0,05 2+ years,19,1.0
0.3304,4.8805,1.6126,0,05 2+ years,30,1.0
0.2276,4.8805,1.1109,0,05 2+ years,28,1.0
0.1748,4.8805,0.8533,1,04 1-2 years,30,1.0
0.2623,4.8805,1.2801,1,05 2+ years,22,1.0
0.4025,4.8805,1.9642,1,01 0-3 months,29,1.0
0.2199,4.8805,1.0734,0,05 2+ years,17,3.0
0.2826,4.8805,1.3794,0,05 2+ years,19,3.0
0.2528,4.8805,1.234,1,04 1-2 years,13,2.0
0.6763,16.6348,11.2493,0,05 2+ years,16,1.0
0.5267,4.8805,2.5707,0,05 2+ years,23,1.0
0.2331,4.8805,1.1378,0,05 2+ years,16,2.0
0.3425,4.8805,1.6716,0,04 1-2 years,8,2.0
0.1744,4.8805,0.8514,0,04 1-2 years,28,2.0
0.1548,4.8805,0.7557,0,05 2+ years,23,1.0
0.1297,4.8805,0.6328,0,05 2+ years,19,1.0
0.1157,4.8805,0.5647,0,04 1-2 years,30,1.0
0.8134,3.5253,2.8673,0,04 1-2 years,8,5.0
0.2525,4.8805,1.2323,1,04 1-2 years,17,3.0
0.1279,4.8805,0.6243,1,05 2+ years,29,1.0
0.1601,4.8805,0.7812,0,04 1-2 years,21,1.0
0.4146,4.8805,2.0236,0,05 2+ years,25,1.0
0.4119,4.8805,2.0101,1,05 2+ years,16,8.0
0.138,4.8805,0.6733,0,05 2+ years,30,1.0
0.2177,4.8805,1.0626,0,02 3-6 months,19,1.0
0.2088,4.8805,1.0189,1,05 2+ years,29,1.0
0.2758,4.8805,1.3459,0,05 2+ years,22,1.0
0.232,4.8805,1.1325,0,02 3-6 months,30,1.0
0.2617,4.8805,1.2771,1,01 0-3 months,9,3.0
0.2811,4.8805,1.372,0,05 2+ years,22,3.0
0.5097,7.4219,3.7827,1,04 1-2 years,25,1.0
0.2039,4.8805,0.9952,0,05 2+ years,21,2.0
0.6124,4.8805,2.9888,1,05 2+ years,17,1.0
0.7832,16.6348,13.0287,1,05 2+ years,28,1.0
0.5366,4.8805,2.6191,0,05 2+ years,5,6.0
0.2827,4.8805,1.3795,1,04 1-2 years,15,2.0
0.2677,4.8805,1.3064,0,05 2+ years,14,1.0
0.2833,4.8805,1.3828,0,03 6-12 months,3,5.0
0.1008,4.8805,0.492,0,05 2+ years,26,1.0
0.1806,4.8805,0.8815,0,03 6-12 months,19,2.0
0.5806,4.8805,2.8338,0,05 2+ years,18,2.0
0.9286,7.4219,6.8921,1,03 6-12 months,23,2.0
0.5621,4.8805,2.7431,0,01 0-3 months,7,1.0
0.7797,3.5253,2.7485,1,04 1-2 years,30,1.0
0.2857,4.8805,1.3944,0,04 1-2 years,28,1.0
0.1532,4.8805,0.7479,0,05 2+ years,29,1.0
0.1463,4.8805,0.7141,0,04 1-2 years,30,1.0
0.2174,4.8805,1.0608,0,04 1-2 years,24,1.0
0.1715,4.8805,0.8368,0,05 2+ years,19,1.0
0.3994,4.8805,1.9493,1,05 2+ years,25,1.0
0.2733,4.8805,1.3338,0,04 1-2 years,25,2.0
0.6012,4.8805,2.934,0,03 6-12 months,18,5.0
0.5387,4.8805,2.6291,0,05 2+ years,14,6.0
0.3894,4.8805,1.9004,1,05 2+ years,6,13.0
0.629,4.8805,3.0699,0,05 2+ years,18,6.0
0.1462,4.8805,0.7137,1,03 6-12 months,24,1.0
0.7913,4.8805,3.8619,1,02 3-6 months,1,30.0
0.2995,4.8805,1.4619,0,02 3-6 months,27,1.0
0.767,4.8805,3.7431,1,02 3-6 months,9,1.0
0.2574,4.8805,1.2562,0,05 2+ years,28,1.0
0.0866,4.8805,0.4226,0,05 2+ years,30,1.0
0.4392,4.8805,2.1433,0,02 3-6 months,24,1.0
0.9001,7.4219,6.6808,1,04 1-2 years,9,9.0
0.142,4.8805,0.6931,0,05 2+ years,30,1.0
0.8654,7.4219,6.4226,1,04 1-2 years,25,2.0
0.8195,16.6348,13.6323,1,05 2+ years,27,2.0
0.7212,0.048,0.0346,1,03 6-12 months,24,2.0
0.1663,4.8805,0.8115,1,05 2+ years,19,1.0
0.822,16.6348,13.6731,1,05 2+ years,30,1.0
0.4969,4.8805,2.4249,1,05 2+ years,3,5.0
0.2627,4.8805,1.282,1,04 1-2 years,24,3.0
0.3247,4.8805,1.5846,0,04 1-2 years,27,1.0
0.2309,4.8805,1.127,0,02 3-6 months,28,1.0
0.8715,16.6348,14.4965,1,05 2+ years,19,1.0
0.1477,4.8805,0.7209,0,05 2+ years,29,1.0
0.1278,4.8805,0.6236,0,04 1-2 years,20,2.0
0.816,7.4219,6.0565,1,04 1-2 years,30,1.0
0.2193,4.8805,1.0705,0,05 2+ years,13,1.0
0.1239,4.8805,0.6045,0,04 1-2 years,30,1.0
0.3293,4.8805,1.6072,0,03 6-12 months,27,1.0
0.5623,4.8805,2.7441,1,02 3-6 months,25,1.0
0.4321,4.8805,2.1091,0,05 2+ years,26,1.0
0.1438,4.8805,0.7017,0,04 1-2 years,30,1.0
0.9371,7.4219,6.9548,1,05 2+ years,21,1.0
0.3815,4.8805,1.8621,0,04 1-2 years,19,3.0
0.3535,4.8805,1.7255,0,05 2+ years,13,5.0
0.223,4.8805,1.0884,0,04 1-2 years,19,2.0
0.4971,4.8805,2.4263,0,05 2+ years,17,1.0
0.334,4.8805,1.6299,1,05 2+ years,30,1.0
0.9014,7.4219,6.6904,1,04 1-2 years,3,2.0
0.4253,4.8805,2.0757,0,03 6-12 months,5,7.0
0.8582,16.6348,14.2764,1,05 2+ years,25,2.0
0.8338,16.6348,13.87,1,04 1-2 years,30,1.0
0.7793,3.5253,2.7471,1,01 0-3 months,2,1.0
0.2274,4.8805,1.1099,1,04 1-2 years,17,1.0
0.1669,4.8805,0.8147,0,05 2+ years,26,1.0
0.1626,4.8805,0.7936,0,05 2+ years,27,1.0
0.4436,4.8805,2.1651,1,04 1-2 years,13,1.0
0.1887,4.8805,0.9208,0,05 2+ years,20,1.0
0.562,4.8805,2.7429,0,01 0-3 months,15,1.0
0.4492,4.8805,2.1923,1,04 1-2 years,14,1.0
0.1578,4.8805,0.7699,0,03 6-12 months,26,2.0
0.339,4.8805,1.6543,0,05 2+ years,22,1.0
0.8851,4.8805,4.3199,1,05 2+ years,1,30.0
0.7931,7.4219,5.8865,1,05 2+ years,18,1.0
0.3797,4.8805,1.8533,0,03 6-12 months,4,7.0
0.1535,4.8805,0.7492,1,04 1-2 years,27,2.0
0.3243,4.8805,1.583,1,05 2+ years,25,1.0
0.5668,4.8805,2.7662,0,05 2+ years,22,1.0
0.2465,4.8805,1.2032,1,05 2+ years,21,1.0
0.106,4.8805,0.5172,1,04 1-2 years,30,1.0
0.1611,4.8805,0.7862,1,04 1-2 years,30,1.0
0.2056,4.8805,1.0034,0,05 2+ years,30,1.0
0.812,16.6348,13.5082,1,05 2+ years,14,4.0
0.6905,4.8805,3.3699,0,05 2+ years,15,7.0
0.2207,4.8805,1.0769,0,04 1-2 years,12,1.0
0.3267,4.8805,1.5943,0,05 2+ years,23,1.0
0.1672,4.8805,0.8158,0,04 1-2 years,26,1.0
0.5078,4.8805,2.4781,1,04 1-2 years,12,7.0
0.6066,4.8805,2.9604,1,03 6-12 months,8,22.0
0.2112,4.8805,1.0309,0,05 2+ years,29,1.0
0.1087,4.8805,0.5306,0,04 1-2 years,30,1.0
0.849,16.6348,14.1223,1,05 2+ years,6,4.0
0.7674,7.4219,5.6953,1,05 2+ years,24,7.0
0.3627,4.8805,1.7701,0,05 2+ years,12,2.0
0.2447,4.8805,1.1941,0,05 2+ years,8,3.0
0.182,4.8805,0.8881,0,05 2+ years,23,1.0
0.5345,7.4219,3.967,0,05 2+ years,27,2.0
0.2556,4.8805,1.2477,0,05 2+ years,29,1.0
0.952,7.4219,7.0658,1,05 2+ years,27,1.0
0.8787,16.6348,14.6174,1,04 1-2 years,26,1.0
0.4931,4.8805,2.4067,1,05 2+ years,28,1.0
0.393,4.8805,1.918,0,01 0-3 months,29,1.0
0.3525,4.8805,1.7206,1,01 0-3 months,29,1.0
0.179,4.8805,0.8735,0,05 2+ years,30,1.0
0.2941,4.8805,1.4353,0,05 2+ years,25,1.0
0.6165,3.5253,2.1734,1,05 2+ years,27,1.0
0.1971,4.8805,0.9618,0,03 6-12 months,12,1.0
0.3047,4.8805,1.487,0,05 2+ years,9,1.0
0.3333,4.8805,1.6268,1,05 2+ years,25,2.0
0.786,16.6348,13.0748,0,05 2+ years,18,1.0
0.1275,4.8805,0.622,0,05 2+ years,28,1.0
0.2637,4.8805,1.2871,1,05 2+ years,15,1.0
0.2272,4.8805,1.1087,0,05 2+ years,16,1.0
0.1693,4.8805,0.8261,0,02 3-6 months,10,1.0
0.2503,4.8805,1.2218,0,05 2+ years,30,1.0
0.1565,4.8805,0.7636,0,02 3-6 months,28,1.0
0.8561,16.6348,14.2404,1,04 1-2 years,29,1.0
0.8729,16.6348,14.5197,1,05 2+ years,23,1.0
0.8157,7.4219,6.0538,1,03 6-12 months,20,2.0
0.1599,4.8805,0.7805,1,02 3-6 months,29,1.0
0.9021,7.4219,6.6955,1,03 6-12 months,7,1.0
0.2971,4.8805,1.4502,0,05 2+ years,28,1.0
0.8672,4.8805,4.2323,0,01 0-3 months,4,24.0
0.148,4.8805,0.7225,0,04 1-2 years,28,1.0
0.6802,0.048,0.0326,0,05 2+ years,22,1.0
0.8461,7.4219,6.2796,1,05 2+ years,19,1.0
0.2874,4.8805,1.4029,0,01 0-3 months,23,1.0
0.3339,4.8805,1.6295,0,01 0-3 months,27,1.0
0.2928,4.8805,1.4292,0,05 2+ years,9,2.0
0.2266,4.8805,1.1059,1,04 1-2 years,18,1.0
0.4725,4.8805,2.3059,0,05 2+ years,17,1.0
0.4115,4.8805,2.0083,0,05 2+ years,30,1.0
0.679,16.6348,11.2949,0,05 2+ years,26,1.0
0.1355,4.8805,0.6612,0,05 2+ years,30,1.0
0.3549,4.8805,1.7321,0,05 2+ years,30,1.0
0.2753,4.8805,1.3437,0,04 1-2 years,24,2.0
0.6628,3.5253,2.3364,0,01 0-3 months,5,8.0
0.2439,4.8805,1.1902,1,05 2+ years,26,2.0
0.1776,4.8805,0.8669,1,04 1-2 years,25,1.0
0.889,3.5253,3.1339,1,03 6-12 months,3,1.0
0.8354,4.8805,4.077,0,05 2+ years,12,14.0
0.5627,4.8805,2.7463,0,05 2+ years,13,6.0
0.4505,4.8805,2.1988,0,02 3-6 months,13,3.0
0.4689,4.8805,2.2883,0,05 2+ years,12,5.0
0.2835,4.8805,1.3834,0,04 1-2 years,8,2.0
0.189,4.8805,0.9226,0,05 2+ years,25,1.0
0.3619,4.8805,1.7664,1,03 6-12 months,29,1.0
0.1766,4.8805,0.8619,0,05 2+ years,30,1.0
0.1565,4.8805,0.7639,0,05 2+ years,26,1.0
0.2318,4.8805,1.1315,0,03 6-12 months,14,2.0
0.8193,16.6348,13.6291,1,05 2+ years,22,2.0
0.1239,4.8805,0.6048,0,05 2+ years,23,1.0
0.2911,4.8805,1.4207,0,02 3-6 months,12,1.0
0.2679,4.8805,1.3077,0,05 2+ years,20,1.0
0.2295,4.8805,1.12,0,04 1-2 years,16,2.0
0.277,4.8805,1.3519,0,05 2+ years,17,1.0
0.1523,4.8805,0.7434,1,05 2+ years,21,5.0
0.2759,4.8805,1.3464,0,05 2+ years,19,1.0
0.2857,4.8805,1.3941,0,05 2+ years,25,2.0
0.6882,3.5253,2.426,0,05 2+ years,8,1.0
0.8982,7.4219,6.6663,1,04 1-2 years,12,4.0
0.124,4.8805,0.6052,0,04 1-2 years,26,1.0
0.1674,4.8805,0.8169,0,04 1-2 years,29,1.0
0.1817,4.8805,0.8866,0,03 6-12 months,28,1.0
0.5486,4.8805,2.6775,0,05 2+ years,8,1.0
0.3319,4.8805,1.6198,0,05 2+ years,25,1.0
0.2694,4.8805,1.3146,1,05 2+ years,20,1.0
0.938,7.4219,6.962,1,05 2+ years,30,1.0
0.6792,4.8805,3.315,1,04 1-2 years,4,20.0
0.2798,4.8805,1.3654,0,05 2+ years,9,1.0
0.2424,4.8805,1.183,0,03 6-12 months,27,1.0
0.8172,4.8805,3.9885,1,05 2+ years,19,12.0
0.7112,16.6348,11.8309,0,05 2+ years,29,2.0
0.6494,7.4219,4.8198,0,04 1-2 years,10,1.0
0.1535,4.8805,0.749,0,05 2+ years,30,1.0
0.7696,3.5253,2.7129,0,02 3-6 months,15,4.0
0.6481,4.8805,3.1632,1,05 2+ years,29,1.0
0.1621,4.8805,0.7911,1,05 2+ years,30,1.0
0.265,4.8805,1.2932,0,05 2+ years,27,1.0
0.7563,3.5253,2.6661,1,05 2+ years,22,1.0
0.3029,4.8805,1.4784,0,04 1-2 years,11,2.0
0.1565,4.8805,0.764,0,04 1-2 years,26,1.0
0.4887,4.8805,2.385,1,05 2+ years,26,1.0
0.5181,4.8805,2.5286,1,05 2+ years,30,1.0
0.6713,4.8805,3.2764,1,02 3-6 months,6,15.0
0.1757,4.8805,0.8573,0,04 1-2 years,24,1.0
0.1277,4.8805,0.6234,0,04 1-2 years,29,1.0
0.2013,4.8805,0.9822,0,04 1-2 years,16,1.0
0.54,4.8805,2.6356,0,03 6-12 months,18,1.0
0.7672,4.8805,3.7442,1,03 6-12 months,3,23.0
0.8538,16.6348,14.2021,1,05 2+ years,22,1.0
0.944,7.4219,7.0064,1,05 2+ years,6,17.0
0.6429,16.6348,10.695,1,05 2+ years,28,1.0
0.1477,4.8805,0.7207,0,05 2+ years,30,1.0
0.6713,7.4219,4.9826,1,05 2+ years,26,1.0
0.2214,4.8805,1.0807,0,05 2+ years,30,1.0
0.2488,4.8805,1.2142,0,05 2+ years,11,7.0
0.191,4.8805,0.932,0,05 2+ years,26,1.0
0.4034,4.8805,1.9688,0,05 2+ years,12,2.0
0.4205,4.8805,2.0523,1,04 1-2 years,26,1.0
0.2726,4.8805,1.3304,0,04 1-2 years,7,1.0
0.2128,4.8805,1.0385,0,05 2+ years,29,1.0
0.2752,4.8805,1.343,0,05 2+ years,23,2.0
0.1602,4.8805,0.7818,0,03 6-12 months,19,1.0
0.5594,4.8805,2.7301,0,03 6-12 months,15,5.0
0.777,16.6348,12.9253,1,05 2+ years,29,1.0
0.8876,16.6348,14.7654,1,05 2+ years,27,1.0
0.8778,7.4219,6.5151,1,05 2+ years,26,1.0
0.2324,4.8805,1.1343,0,05 2+ years,19,1.0
0.2424,4.8805,1.183,0,05 2+ years,30,1.0
0.2534,4.8805,1.2368,0,01 0-3 months,15,2.0
0.4472,4.8805,2.1824,0,05 2+ years,14,1.0
0.2522,4.8805,1.231,0,04 1-2 years,27,1.0
0.5621,4.8805,2.7433,1,05 2+ years,9,4.0
0.3597,4.8805,1.7553,0,04 1-2 years,22,1.0
0.1611,4.8805,0.7861,0,02 3-6 months,28,1.0
0.1918,4.8805,0.9361,0,02 3-6 months,30,1.0
0.3542,4.8805,1.7287,0,05 2+ years,30,1.0
0.2913,4.8805,1.4215,0,03 6-12 months,14,5.0
0.2766,4.8805,1.3499,0,05 2+ years,17,1.0
0.947,16.6348,15.7531,1,04 1-2 years,2,6.0
0.1737,4.8805,0.8477,0,04 1-2 years,21,1.0
0.3656,4.8805,1.7845,0,05 2+ years,6,5.0
0.407,4.8805,1.9863,0,05 2+ years,9,10.0
0.1516,4.8805,0.7398,0,04 1-2 years,27,1.0
0.6117,4.8805,2.9852,1,04 1-2 years,2,16.0
0.1619,4.8805,0.7901,1,03 6-12 months,24,1.0
0.4866,4.8805,2.3746,1,04 1-2 years,12,1.0
0.129,4.8805,0.6294,0,05 2+ years,29,1.0
0.1459,4.8805,0.7122,1,05 2+ years,29,1.0
0.1903,4.8805,0.9285,0,05 2+ years,16,1.0
0.2418,4.8805,1.1802,1,04 1-2 years,28,1.0
0.9371,16.6348,15.588,1,05 2+ years,3,5.0
0.1712,4.8805,0.8354,0,05 2+ years,30,1.0
0.1758,4.8805,0.8579,0,05 2+ years,20,1.0
0.9708,4.8805,4.7378,1,99 unknown,0,
0.5304,4.8805,2.5884,1,04 1-2 years,20,2.0
0.199,4.8805,0.9712,0,05 2+ years,24,1.0
0.4341,4.8805,2.1186,1,04 1-2 years,22,1.0
0.8112,16.6348,13.4938,1,05 2+ years,23,1.0
0.2579,4.8805,1.2585,1,05 2+ years,11,1.0
0.9477,7.4219,7.0339,1,05 2+ years,5,2.0
0.2406,4.8805,1.1742,1,03 6-12 months,23,1.0
0.2814,4.8805,1.3732,0,02 3-6 months,29,1.0
0.1799,4.8805,0.878,1,04 1-2 years,29,1.0
0.2269,4.8805,1.1072,0,05 2+ years,28,1.0
0.2994,4.8805,1.4612,0,05 2+ years,22,3.0
0.1789,4.8805,0.8733,0,05 2+ years,30,1.0
0.4412,4.8805,2.1533,0,01 0-3 months,21,2.0
0.2379,4.8805,1.1612,1,05 2+ years,29,1.0
0.7612,3.5253,2.6834,1,04 1-2 years,23,2.0
0.206,4.8805,1.0052,0,05 2+ years,16,2.0
0.8354,16.6348,13.897,1,05 2+ years,18,1.0
0.5589,7.4219,4.1484,1,05 2+ years,19,1.0
0.1826,4.8805,0.8914,0,05 2+ years,15,1.0
0.5688,4.8805,2.7762,1,01 0-3 months,8,2.0
0.6766,3.5253,2.3851,0,04 1-2 years,28,1.0
0.8198,3.5253,2.8901,0,05 2+ years,18,1.0
0.2997,4.8805,1.4625,1,05 2+ years,16,2.0
0.7605,16.6348,12.6504,1,05 2+ years,19,1.0
0.7204,7.4219,5.3464,1,05 2+ years,29,1.0
0.1271,4.8805,0.6203,0,05 2+ years,30,1.0
0.8895,7.4219,6.602,1,05 2+ years,22,1.0
0.1439,4.8805,0.7022,1,02 3-6 months,23,1.0
0.1973,4.8805,0.963,0,05 2+ years,29,1.0
0.8516,7.4219,6.3208,1,05 2+ years,28,1.0
0.8553,16.6348,14.228,1,05 2+ years,30,1.0
0.293,4.8805,1.4297,0,05 2+ years,10,4.0
0.3455,4.8805,1.6861,0,03 6-12 months,15,3.0
0.3199,4.8805,1.5614,0,01 0-3 months,16,1.0
0.2572,4.8805,1.2553,0,05 2+ years,18,2.0
0.776,16.6348,12.9083,1,05 2+ years,16,1.0
0.9555,3.5253,3.3683,1,03 6-12 months,0,
0.3964,4.8805,1.9345,1,04 1-2 years,23,1.0
0.4277,4.8805,2.0873,1,02 3-6 months,11,7.0
0.1733,4.8805,0.8456,1,04 1-2 years,21,1.0
0.1938,4.8805,0.9457,0,04 1-2 years,26,1.0
0.1505,4.8805,0.7344,0,05 2+ years,24,1.0
0.2538,4.8805,1.2389,1,05 2+ years,7,1.0
0.0964,4.8805,0.4704,0,04 1-2 years,29,1.0
0.4047,4.8805,1.9752,0,05 2+ years,29,1.0
0.9142,16.6348,15.2071,1,05 2+ years,2,10.0
0.2956,4.8805,1.4427,1,04 1-2 years,11,5.0
0.3784,4.8805,1.8469,0,01 0-3 months,26,1.0
0.2422,4.8805,1.1819,0,04 1-2 years,26,1.0
0.8697,7.4219,6.4551,0,05 2+ years,7,2.0
0.1707,4.8805,0.8331,0,04 1-2 years,24,1.0
0.2539,4.8805,1.2393,0,03 6-12 months,29,1.0
0.4644,4.8805,2.2667,0,03 6-12 months,15,1.0
0.214,4.8805,1.0444,0,05 2+ years,25,1.0
0.146,4.8805,0.7128,0,04 1-2 years,27,1.0
0.2032,4.8805,0.9918,0,04 1-2 years,30,1.0
0.8617,3.5253,3.0376,1,01 0-3 months,3,1.0
0.3522,4.8805,1.7188,0,05 2+ years,15,3.0
0.2193,4.8805,1.0701,0,04 1-2 years,26,1.0
0.1384,4.8805,0.6754,1,05 2+ years,27,1.0
0.2899,4.8805,1.4147,1,05 2+ years,24,2.0
0.1079,4.8805,0.5265,0,05 2+ years,30,1.0
0.8566,16.6348,14.2495,1,04 1-2 years,28,1.0
0.2027,4.8805,0.9892,0,04 1-2 years,14,2.0
0.1957,4.8805,0.955,0,04 1-2 years,29,1.0
0.206,4.8805,1.0051,0,05 2+ years,24,2.0
0.2457,4.8805,1.1994,0,04 1-2 years,18,2.0
0.2381,4.8805,1.1621,0,05 2+ years,30,1.0
0.7055,7.4219,5.2358,0,05 2+ years,28,1.0
0.3564,4.8805,1.7395,0,01 0-3 months,30,1.0
0.6677,4.8805,3.2588,0,05 2+ years,4,15.0
0.1204,4.8805,0.5877,0,04 1-2 years,27,1.0
0.2011,4.8805,0.9813,0,02 3-6 months,22,1.0
0.1848,4.8805,0.9021,0,05 2+ years,30,1.0
0.6799,7.4219,5.046,1,05 2+ years,16,1.0
0.3497,4.8805,1.7068,0,05 2+ years,24,3.0
0.3092,4.8805,1.5089,0,05 2+ years,9,2.0
0.2201,4.8805,1.074,0,04 1-2 years,16,3.0
0.1573,4.8805,0.7677,0,05 2+ years,28,1.0
0.2823,4.8805,1.3778,1,03 6-12 months,29,1.0
0.2187,4.8805,1.0675,0,04 1-2 years,28,1.0
0.9649,7.4219,7.1612,1,04 1-2 years,0,
0.1331,4.8805,0.6496,1,05 2+ years,30,1.0
0.2668,4.8805,1.3019,0,05 2+ years,29,1.0
0.4357,4.8805,2.1266,0,05 2+ years,20,1.0
0.2405,4.8805,1.1739,0,05 2+ years,30,1.0
0.0912,4.8805,0.4449,0,05 2+ years,30,1.0
0.2199,4.8805,1.0734,0,05 2+ years,26,1.0
0.5945,4.8805,2.9016,0,04 1-2 years,13,3.0
0.7661,16.6348,12.7437,1,05 2+ years,29,1.0
0.3772,4.8805,1.8411,1,03 6-12 months,5,2.0
0.1611,4.8805,0.7865,0,05 2+ years,28,1.0
0.2184,4.8805,1.0659,1,05 2+ years,23,2.0
0.2068,4.8805,1.0094,0,05 2+ years,30,1.0
0.2278,4.8805,1.112,0,01 0-3 months,23,2.0
0.1859,4.8805,0.9071,1,04 1-2 years,29,1.0
0.8879,16.6348,14.7697,1,04 1-2 years,6,8.0
0.8682,16.6348,14.4416,1,05 2+ years,18,1.0
0.8941,7.4219,6.6356,0,04 1-2 years,7,3.0
0.273,4.8805,1.3326,1,01 0-3 months,21,1.0
0.1913,4.8805,0.9336,0,04 1-2 years,28,1.0
0.5012,4.8805,2.4461,1,01 0-3 months,22,5.0
0.2545,4.8805,1.242,0,04 1-2 years,28,1.0
0.1508,4.8805,0.7358,0,04 1-2 years,29,1.0
0.4893,4.8805,2.3878,0,01 0-3 months,22,1.0
0.1326,4.8805,0.6474,0,05 2+ years,24,2.0
0.6721,3.5253,2.3692,0,05 2+ years,5,8.0
0.4586,4.8805,2.2384,1,05 2+ years,19,1.0
0.188,4.8805,0.9174,0,05 2+ years,30,1.0
0.2176,4.8805,1.0622,1,05 2+ years,24,1.0
0.4653,4.8805,2.271,1,05 2+ years,25,1.0
0.1437,4.8805,0.7013,0,05 2+ years,25,1.0
0.725,7.4219,5.3808,1,04 1-2 years,29,1.0
0.8493,16.6348,14.1275,1,05 2+ years,9,4.0
0.2254,4.8805,1.1,0,05 2+ years,20,1.0
0.3424,4.8805,1.671,0,05 2+ years,8,1.0
0.85,7.4219,6.3087,0,04 1-2 years,29,1.0
0.6727,4.8805,3.2831,0,04 1-2 years,0,
0.2612,4.8805,1.2749,0,05 2+ years,20,1.0
0.3227,4.8805,1.5751,0,05 2+ years,28,1.0
0.2766,4.8805,1.35,0,02 3-6 months,20,1.0
0.8243,4.8805,4.0232,1,02 3-6 months,1,17.0
0.1684,4.8805,0.822,0,05 2+ years,26,2.0
0.2392,4.8805,1.1675,1,05 2+ years,24,1.0
0.9207,7.4219,6.8331,1,05 2+ years,26,1.0
0.139,4.8805,0.6786,0,04 1-2 years,29,1.0
0.8112,16.6348,13.4948,0,05 2+ years,25,1.0
0.5762,4.8805,2.8121,0,05 2+ years,12,1.0
0.3156,4.8805,1.5401,0,04 1-2 years,29,1.0
0.4434,3.5253,1.563,1,05 2+ years,29,1.0
0.2862,4.8805,1.3966,0,05 2+ years,10,3.0
0.2636,4.8805,1.2864,0,02 3-6 months,19,2.0
0.9427,7.4219,6.9969,1,05 2+ years,29,1.0
0.8539,7.4219,6.3374,1,03 6-12 months,3,6.0
0.6906,3.5253,2.4346,1,03 6-12 months,24,6.0
0.3526,4.8805,1.721,0,05 2+ years,11,5.0
0.8201,16.6348,13.6414,1,05 2+ years,25,2.0
0.1491,4.8805,0.7275,1,05 2+ years,26,1.0
0.868,16.6348,14.4384,1,04 1-2 years,17,1.0
0.7348,3.5253,2.5904,1,04 1-2 years,11,1.0
0.3414,4.8805,1.6662,1,05 2+ years,20,4.0
0.1789,4.8805,0.8733,1,04 1-2 years,30,1.0
0.4874,4.8805,2.3789,1,05 2+ years,12,1.0
0.2097,4.8805,1.0234,1,02 3-6 months,23,2.0
0.2087,4.8805,1.0185,0,03 6-12 months,26,1.0
0.6309,7.4219,4.6826,1,04 1-2 years,29,1.0
0.3804,4.8805,1.8565,1,04 1-2 years,18,1.0
0.1794,4.8805,0.8756,0,03 6-12 months,30,1.0
0.7466,7.4219,5.5415,1,05 2+ years,4,3.0
0.1256,4.8805,0.6131,0,05 2+ years,26,2.0
0.7968,16.6348,13.2554,1,05 2+ years,25,1.0
0.1612,4.8805,0.7867,0,04 1-2 years,27,1.0
0.8127,0.048,0.039,0,03 6-12 months,30,1.0
0.3263,4.8805,1.5924,1,05 2+ years,28,1.0
0.0868,4.8805,0.4236,0,05 2+ years,30,1.0
0.165,4.8805,0.8055,0,05 2+ years,15,3.0
0.172,4.8805,0.8395,1,05 2+ years,23,1.0
0.3832,4.8805,1.8703,1,01 0-3 months,18,2.0
0.1215,4.8805,0.5932,0,05 2+ years,29,1.0
0.2369,4.8805,1.156,1,05 2+ years,20,1.0
0.5347,4.8805,2.6098,1,05 2+ years,13,2.0
0.2504,4.8805,1.2222,0,05 2+ years,25,1.0
0.781,7.4219,5.7963,1,04 1-2 years,27,1.0
0.2117,4.8805,1.033,0,04 1-2 years,30,1.0
0.5286,4.8805,2.5798,1,05 2+ years,21,1.0
0.1636,4.8805,0.7985,0,05 2+ years,23,4.0
0.3909,4.8805,1.9079,0,05 2+ years,10,2.0
0.1952,4.8805,0.9526,0,05 2+ years,18,2.0
0.8923,4.8805,4.3551,1,01 0-3 months,2,24.0
0.2836,4.8805,1.3841,0,03 6-12 months,27,1.0
0.3012,4.8805,1.4702,1,05 2+ years,27,1.0
0.1573,4.8805,0.7679,1,05 2+ years,24,2.0
0.908,16.6348,15.1048,1,05 2+ years,2,15.0
0.1681,4.8805,0.8205,1,04 1-2 years,23,1.0
0.5255,4.8805,2.5646,0,05 2+ years,11,2.0
0.3477,4.8805,1.697,0,05 2+ years,12,1.0
0.6725,7.4219,4.9909,0,05 2+ years,26,1.0
0.1364,4.8805,0.6658,0,05 2+ years,27,2.0
0.1422,4.8805,0.6939,0,05 2+ years,25,1.0
0.3743,4.8805,1.8268,0,03 6-12 months,21,2.0
0.1743,4.8805,0.8505,0,04 1-2 years,9,1.0
0.7417,7.4219,5.5051,1,04 1-2 years,22,1.0
0.1423,4.8805,0.6944,0,05 2+ years,28,1.0
0.327,4.8805,1.5959,0,04 1-2 years,25,1.0
0.1789,4.8805,0.8733,0,05 2+ years,15,2.0
0.2056,4.8805,1.0035,0,05 2+ years,29,1.0
0.1625,4.8805,0.793,0,05 2+ years,30,1.0
0.1478,4.8805,0.7214,0,04 1-2 years,20,1.0
0.8977,7.4219,6.6625,1,04 1-2 years,20,1.0
0.8985,16.6348,14.9461,1,05 2+ years,21,3.0
0.8222,7.4219,6.1022,1,05 2+ years,15,2.0
0.3644,4.8805,1.7787,0,03 6-12 months,4,4.0
0.8685,7.4219,6.4456,1,05 2+ years,7,1.0
0.1999,4.8805,0.9754,0,03 6-12 months,16,1.0
0.287,4.8805,1.4005,0,03 6-12 months,8,4.0
0.1881,4.8805,0.9178,0,03 6-12 months,27,1.0
0.1991,4.8805,0.9718,0,04 1-2 years,20,3.0
0.3388,4.8805,1.6533,0,01 0-3 months,27,1.0
0.2341,4.8805,1.1427,0,05 2+ years,26,1.0
0.2421,4.8805,1.1818,0,05 2+ years,23,1.0
0.8359,7.4219,6.2038,1,05 2+ years,9,2.0
0.1979,4.8805,0.966,0,04 1-2 years,30,1.0
0.4061,4.8805,1.9818,1,05 2+ years,10,5.0
0.1827,4.8805,0.8919,0,05 2+ years,23,1.0
0.2885,4.8805,1.408,0,05 2+ years,19,6.0
0.1563,4.8805,0.7629,0,03 6-12 months,29,1.0
0.1781,4.8805,0.8691,0,04 1-2 years,27,1.0
0.5771,4.8805,2.8166,0,04 1-2 years,11,6.0
0.1728,4.8805,0.8435,0,05 2+ years,30,1.0
0.6765,7.4219,5.0213,0,03 6-12 months,23,2.0
0.8283,7.4219,6.1475,1,05 2+ years,19,2.0
0.187,4.8805,0.9126,0,05 2+ years,22,1.0
0.2587,4.8805,1.2624,0,05 2+ years,15,2.0
0.3151,4.8805,1.5381,1,05 2+ years,30,1.0
0.8564,3.5253,3.019,1,02 3-6 months,23,2.0
0.8682,7.4219,6.444,1,03 6-12 months,15,2.0
0.2578,4.8805,1.2581,0,05 2+ years,21,1.0
0.4231,4.8805,2.065,0,03 6-12 months,4,1.0
0.6029,4.8805,2.9423,1,05 2+ years,3,24.0
0.7927,7.4219,5.8834,1,03 6-12 months,12,5.0
0.2536,4.8805,1.2377,1,04 1-2 years,28,2.0
0.7372,7.4219,5.4715,1,05 2+ years,28,1.0
0.8767,16.6348,14.584,1,05 2+ years,21,4.0
0.3131,4.8805,1.5279,0,01 0-3 months,26,1.0
0.6193,4.8805,3.0223,1,05 2+ years,14,17.0
0.1971,4.8805,0.962,1,05 2+ years,29,1.0
0.2875,4.8805,1.4032,0,05 2+ years,26,2.0
0.9469,7.4219,7.0276,1,05 2+ years,30,1.0
0.5142,3.5253,1.8128,1,05 2+ years,13,2.0
0.8794,16.6348,14.6282,1,05 2+ years,17,1.0
0.8654,7.4219,6.4228,1,05 2+ years,2,4.0
0.8313,16.6348,13.8283,1,05 2+ years,27,1.0
0.1181,4.8805,0.5764,0,03 6-12 months,30,1.0
0.5063,4.8805,2.4709,0,04 1-2 years,21,1.0
0.8133,3.5253,2.8671,1,05 2+ years,0,
0.2672,4.8805,1.3043,0,05 2+ years,14,4.0
0.3026,4.8805,1.4767,0,02 3-6 months,10,9.0
0.1259,4.8805,0.6146,0,04 1-2 years,30,1.0
0.2241,4.8805,1.0939,0,05 2+ years,26,1.0
0.508,4.8805,2.4793,0,03 6-12 months,29,1.0
0.2865,4.8805,1.3982,1,05 2+ years,26,1.0
0.4567,4.8805,2.2291,0,05 2+ years,26,1.0
0.1963,4.8805,0.9583,0,04 1-2 years,28,1.0
0.2058,4.8805,1.0046,0,05 2+ years,28,1.0
0.9551,7.4219,7.0883,1,05 2+ years,19,2.0
0.1946,4.8805,0.95,0,04 1-2 years,21,1.0
0.4448,4.8805,2.1707,0,03 6-12 months,21,1.0
0.4376,4.8805,2.1356,1,04 1-2 years,22,1.0
0.1226,4.8805,0.5986,1,05 2+ years,30,1.0
0.3461,4.8805,1.689,0,04 1-2 years,9,5.0
0.7021,16.6348,11.68,1,05 2+ years,30,1.0
0.2886,4.8805,1.4085,0,04 1-2 years,17,1.0
0.325,4.8805,1.5864,0,04 1-2 years,7,5.0
0.4325,4.8805,2.1106,1,03 6-12 months,16,1.0
0.8414,7.4219,6.2451,1,05 2+ years,5,9.0
0.0864,4.8805,0.4218,0,05 2+ years,30,1.0
0.2648,4.8805,1.2923,1,01 0-3 months,27,4.0
0.335,4.8805,1.6348,0,05 2+ years,13,1.0
0.2525,4.8805,1.2326,0,03 6-12 months,24,1.0
0.2783,4.8805,1.3583,0,02 3-6 months,22,1.0
0.8873,16.6348,14.7596,1,05 2+ years,18,1.0
0.4101,4.8805,2.0017,0,05 2+ years,23,2.0
0.2198,4.8805,1.0726,0,03 6-12 months,29,1.0
0.1675,4.8805,0.8173,1,04 1-2 years,22,1.0
0.1745,4.8805,0.8517,1,05 2+ years,24,1.0
0.229,4.8805,1.1177,0,02 3-6 months,29,1.0
0.2722,4.8805,1.3285,0,05 2+ years,27,1.0
0.455,4.8805,2.2205,1,05 2+ years,24,2.0
0.5407,4.8805,2.6387,0,05 2+ years,26,1.0
0.8194,16.6348,13.6311,1,05 2+ years,6,1.0
0.9589,16.6348,15.9517,1,05 2+ years,0,
0.2798,4.8805,1.3658,0,04 1-2 years,24,1.0
0.7736,7.4219,5.7415,1,05 2+ years,15,2.0
0.3577,4.8805,1.7455,1,05 2+ years,28,1.0
0.2101,4.8805,1.0255,0,04 1-2 years,30,1.0
0.3576,4.8805,1.7451,0,01 0-3 months,14,2.0
0.3684,4.8805,1.798,0,04 1-2 years,26,1.0
0.5142,4.8805,2.5093,1,01 0-3 months,20,1.0
0.1502,4.8805,0.7328,1,05 2+ years,30,1.0
0.3611,4.8805,1.7624,1,05 2+ years,19,1.0
0.4274,4.8805,2.0858,1,05 2+ years,21,1.0
0.301,4.8805,1.4689,0,05 2+ years,19,1.0
0.1301,4.8805,0.6351,0,04 1-2 years,30,1.0
0.3163,4.8805,1.5439,0,05 2+ years,16,3.0
0.1266,4.8805,0.618,0,05 2+ years,30,1.0
0.3524,4.8805,1.7197,0,05 2+ years,21,2.0
0.2239,4.8805,1.0926,0,05 2+ years,30,1.0
0.8401,0.048,0.0403,1,04 1-2 years,28,1.0
0.3041,4.8805,1.484,0,05 2+ years,19,1.0
0.5098,4.8805,2.4881,0,05 2+ years,6,2.0
0.2455,4.8805,1.1982,0,05 2+ years,27,1.0
0.9507,7.4219,7.056,1,05 2+ years,29,1.0
0.5797,3.5253,2.0437,1,05 2+ years,9,1.0
0.1936,4.8805,0.9447,0,04 1-2 years,30,1.0
0.6924,4.8805,3.3792,0,05 2+ years,13,2.0
0.261,4.8805,1.2737,0,05 2+ years,8,3.0
0.1224,4.8805,0.5972,0,05 2+ years,16,1.0
0.1742,4.8805,0.85,0,04 1-2 years,30,1.0
0.7806,16.6348,12.9854,1,05 2+ years,29,1.0
0.3417,4.8805,1.6675,1,01 0-3 months,25,1.0
0.2741,4.8805,1.338,0,04 1-2 years,10,4.0
0.2583,4.8805,1.2605,0,05 2+ years,11,4.0
0.1367,4.8805,0.6673,0,03 6-12 months,29,1.0
0.2775,4.8805,1.3544,0,03 6-12 months,21,1.0
0.3056,4.8805,1.4914,1,05 2+ years,14,1.0
0.8596,3.5253,3.0304,1,01 0-3 months,7,1.0
0.8498,16.6348,14.1364,1,05 2+ years,15,2.0
0.1705,4.8805,0.8321,0,04 1-2 years,17,2.0
0.5464,4.8805,2.6667,1,05 2+ years,5,21.0
0.449,4.8805,2.1911,1,05 2+ years,25,1.0
0.1411,4.8805,0.6887,0,04 1-2 years,30,1.0
0.6099,7.4219,4.5264,1,05 2+ years,18,2.0
0.1373,4.8805,0.6701,0,04 1-2 years,26,1.0
0.607,4.8805,2.9626,0,04 1-2 years,8,1.0
0.2724,4.8805,1.3292,0,03 6-12 months,25,1.0
0.7759,7.4219,5.7589,1,03 6-12 months,24,1.0
0.1202,4.8805,0.5866,0,03 6-12 months,30,1.0
0.3275,4.8805,1.5983,0,03 6-12 months,26,1.0
0.5525,4.8805,2.6966,0,05 2+ years,27,1.0
0.3304,4.8805,1.6126,1,01 0-3 months,25,1.0
0.5849,7.4219,4.3414,1,03 6-12 months,26,1.0
0.1501,4.8805,0.7327,0,04 1-2 years,25,1.0
0.1595,4.8805,0.7784,0,05 2+ years,25,1.0
0.2153,4.8805,1.0509,0,05 2+ years,30,1.0
0.1676,4.8805,0.8178,0,04 1-2 years,25,1.0
0.6286,4.8805,3.0681,0,05 2+ years,9,5.0
0.941,7.4219,6.9838,1,04 1-2 years,11,4.0
0.263,4.8805,1.2838,0,03 6-12 months,12,1.0
0.1691,4.8805,0.8252,0,05 2+ years,7,4.0
0.5518,4.8805,2.6932,1,05 2+ years,2,29.0
0.873,16.6348,14.5215,0,04 1-2 years,25,1.0
0.3647,4.8805,1.7797,0,04 1-2 years,25,1.0
0.1363,4.8805,0.6652,0,04 1-2 years,30,1.0
0.2438,4.8805,1.1897,1,05 2+ years,21,1.0
0.4027,4.8805,1.9655,0,01 0-3 months,10,2.0
0.5825,7.4219,4.3234,0,05 2+ years,30,1.0
0.2209,4.8805,1.0781,0,04 1-2 years,25,1.0
0.2146,4.8805,1.0475,1,05 2+ years,26,1.0
0.2382,4.8805,1.1628,0,04 1-2 years,12,3.0
0.2004,4.8805,0.978,0,02 3-6 months,12,2.0
0.2359,4.8805,1.1513,0,04 1-2 years,9,1.0
0.2313,4.8805,1.1286,0,05 2+ years,15,1.0
0.8079,7.4219,5.9965,1,05 2+ years,16,4.0
0.4625,4.8805,2.2572,1,04 1-2 years,29,1.0
0.3244,4.8805,1.5835,0,05 2+ years,26,1.0
0.3902,4.8805,1.9042,0,05 2+ years,23,1.0
0.8048,3.5253,2.8371,0,04 1-2 years,7,10.0
0.437,4.8805,2.1326,1,05 2+ years,29,1.0
0.2236,4.8805,1.0911,0,03 6-12 months,23,2.0
0.3734,4.8805,1.8222,0,05 2+ years,27,1.0
0.1665,4.8805,0.8124,0,04 1-2 years,25,1.0
0.3784,4.8805,1.8467,0,04 1-2 years,25,3.0
0.4442,4.8805,2.1681,1,04 1-2 years,4,4.0
0.1338,4.8805,0.6531,0,05 2+ years,26,1.0
0.9742,16.6348,16.2048,1,99 unknown,0,
0.3159,4.8805,1.542,0,05 2+ years,15,1.0
0.454,4.8805,2.2159,1,03 6-12 months,13,2.0
0.8444,7.4219,6.267,0,04 1-2 years,27,1.0
0.8735,3.5253,3.0794,1,04 1-2 years,11,7.0
0.948,7.4219,7.0361,1,04 1-2 years,21,1.0
0.1977,4.8805,0.9649,0,05 2+ years,30,1.0
0.279,4.8805,1.3615,1,04 1-2 years,15,1.0
0.494,4.8805,2.4109,0,02 3-6 months,16,1.0
0.1733,4.8805,0.8456,0,03 6-12 months,11,2.0
0.1319,4.8805,0.644,0,04 1-2 years,24,1.0
0.2521,4.8805,1.2304,1,04 1-2 years,30,1.0
0.6474,7.4219,4.8049,0,05 2+ years,29,1.0
0.6495,4.8805,3.1697,0,05 2+ years,10,3.0
0.1792,4.8805,0.8746,0,05 2+ years,28,1.0
0.2016,4.8805,0.9838,0,04 1-2 years,21,1.0
0.3379,4.8805,1.6489,0,04 1-2 years,6,1.0
0.1656,4.8805,0.8084,0,04 1-2 years,29,1.0
0.1354,4.8805,0.661,0,04 1-2 years,30,1.0
0.1493,4.8805,0.7287,1,05 2+ years,26,1.0
0.2809,4.8805,1.371,0,02 3-6 months,13,2.0
0.4939,4.8805,2.4107,0,05 2+ years,25,1.0
0.1061,4.8805,0.5178,0,05 2+ years,26,1.0
0.4181,4.8805,2.0405,1,05 2+ years,25,1.0
0.944,7.4219,7.0064,1,05 2+ years,24,1.0
0.1679,4.8805,0.8197,0,02 3-6 months,26,1.0
0.2142,4.8805,1.0453,1,05 2+ years,14,1.0
0.8547,7.4219,6.3434,1,05 2+ years,14,2.0
0.3688,4.8805,1.7997,0,05 2+ years,28,1.0
0.2558,4.8805,1.2482,0,03 6-12 months,27,1.0
0.1565,4.8805,0.7636,0,05 2+ years,30,1.0
0.3181,4.8805,1.5527,0,05 2+ years,18,5.0
0.3047,4.8805,1.487,0,01 0-3 months,16,1.0
0.2019,4.8805,0.9852,1,05 2+ years,16,1.0
0.5027,4.8805,2.4536,0,02 3-6 months,6,6.0
0.1867,4.8805,0.9113,0,04 1-2 years,23,4.0
0.2334,4.8805,1.1391,1,04 1-2 years,18,1.0
0.3088,4.8805,1.5069,1,05 2+ years,9,6.0
0.1584,4.8805,0.7732,0,05 2+ years,30,1.0
0.1856,4.8805,0.9059,0,02 3-6 months,29,1.0
0.2813,4.8805,1.3731,0,02 3-6 months,12,1.0
0.325,4.8805,1.5863,0,04 1-2 years,25,1.0
0.1485,4.8805,0.7246,0,03 6-12 months,24,1.0
0.2526,4.8805,1.2329,0,04 1-2 years,20,2.0
0.8608,16.6348,14.3185,1,04 1-2 years,17,3.0
0.9464,7.4219,7.0242,1,05 2+ years,25,1.0
0.3917,4.8805,1.9116,0,03 6-12 months,16,6.0
0.8439,16.6348,14.0378,1,05 2+ years,7,1.0
0.5384,4.8805,2.6277,1,05 2+ years,15,6.0
0.9131,16.6348,15.1893,1,05 2+ years,7,1.0
0.2924,4.8805,1.4272,1,05 2+ years,3,1.0
0.3122,4.8805,1.5238,1,04 1-2 years,10,1.0
0.7027,7.4219,5.2151,1,05 2+ years,21,1.0
0.1725,4.8805,0.842,0,04 1-2 years,24,1.0
0.1469,4.8805,0.7169,0,05 2+ years,20,1.0
0.2331,4.8805,1.1376,1,05 2+ years,27,1.0
0.4438,4.8805,2.1661,0,01 0-3 months,12,4.0
0.2395,4.8805,1.169,0,05 2+ years,24,1.0
0.7981,0.048,0.0383,1,04 1-2 years,25,1.0
0.709,4.8805,3.4604,1,05 2+ years,9,4.0
0.7931,7.4219,5.8859,0,05 2+ years,28,1.0
0.8026,16.6348,13.3503,1,05 2+ years,23,1.0
0.1145,4.8805,0.5586,0,04 1-2 years,30,1.0
0.1518,4.8805,0.7408,0,05 2+ years,30,1.0
0.8266,0.048,0.0397,1,05 2+ years,19,1.0
0.1229,4.8805,0.5999,0,05 2+ years,30,1.0
0.6548,7.4219,4.8601,0,05 2+ years,23,1.0
0.235,4.8805,1.1471,1,05 2+ years,27,1.0
0.1142,4.8805,0.5574,0,05 2+ years,30,1.0
0.1494,4.8805,0.7292,0,05 2+ years,30,1.0
0.4516,4.8805,2.204,1,01 0-3 months,13,9.0
0.5367,4.8805,2.6193,0,04 1-2 years,19,1.0
0.9336,7.4219,6.9292,1,05 2+ years,24,1.0
0.9167,7.4219,6.8039,1,04 1-2 years,28,1.0
0.1483,4.8805,0.7236,0,05 2+ years,30,1.0
0.203,4.8805,0.9905,0,03 6-12 months,24,1.0
0.2023,4.8805,0.9875,0,05 2+ years,27,1.0
0.1497,4.8805,0.7305,1,04 1-2 years,26,1.0
0.1555,4.8805,0.7587,0,04 1-2 years,24,1.0
0.1558,4.8805,0.7606,0,05 2+ years,24,1.0
0.2684,4.8805,1.3102,0,05 2+ years,20,1.0
0.2241,4.8805,1.0937,0,04 1-2 years,15,4.0
0.2367,4.8805,1.1554,1,05 2+ years,6,8.0
0.1824,4.8805,0.8902,0,05 2+ years,24,1.0
0.2745,4.8805,1.3397,0,05 2+ years,22,1.0
0.2785,4.8805,1.3593,1,05 2+ years,26,2.0
0.1642,4.8805,0.8015,0,03 6-12 months,20,1.0
0.1672,4.8805,0.8162,0,04 1-2 years,19,1.0
0.2416,4.8805,1.1789,0,02 3-6 months,28,1.0
0.1643,4.8805,0.8019,0,05 2+ years,20,1.0
0.1431,4.8805,0.6982,0,05 2+ years,29,1.0
0.2172,4.8805,1.0602,1,04 1-2 years,21,1.0
0.7393,4.8805,3.6081,1,05 2+ years,16,6.0
0.8828,16.6348,14.6849,1,04 1-2 years,27,1.0
0.2069,4.8805,1.0096,0,05 2+ years,18,3.0
0.5438,4.8805,2.6541,0,04 1-2 years,30,1.0
0.812,0.048,0.039,1,01 0-3 months,10,5.0
0.6871,4.8805,3.3534,0,05 2+ years,7,15.0
0.5995,4.8805,2.9259,1,05 2+ years,23,1.0
0.4285,4.8805,2.0911,0,05 2+ years,26,1.0
0.8775,16.6348,14.5969,1,04 1-2 years,15,3.0
0.1182,4.8805,0.5767,0,04 1-2 years,30,1.0
0.7957,7.4219,5.9059,1,04 1-2 years,26,1.0
0.4303,4.8805,2.1001,1,05 2+ years,15,1.0
0.8788,16.6348,14.6189,1,04 1-2 years,20,1.0
0.8771,7.4219,6.5098,1,04 1-2 years,14,2.0
0.2244,4.8805,1.0951,1,03 6-12 months,17,2.0
0.5842,3.5253,2.0596,0,05 2+ years,30,1.0
0.7113,3.5253,2.5077,1,04 1-2 years,18,1.0
0.1344,4.8805,0.6558,0,04 1-2 years,25,1.0
0.2721,4.8805,1.3281,0,05 2+ years,24,1.0
0.2715,4.8805,1.3249,1,04 1-2 years,22,1.0
0.2632,4.8805,1.2845,0,01 0-3 months,28,1.0
0.2835,4.8805,1.3836,1,05 2+ years,25,1.0
0.7924,3.5253,2.7935,1,05 2+ years,19,2.0
0.2296,4.8805,1.1205,0,05 2+ years,12,1.0
0.514,4.8805,2.5084,0,05 2+ years,2,3.0
0.9457,16.6348,15.7308,1,05 2+ years,1,1.0
0.1581,4.8805,0.7714,0,03 6-12 months,29,1.0
0.1601,4.8805,0.7815,0,05 2+ years,29,1.0
0.2693,4.8805,1.3143,0,05 2+ years,28,1.0
0.293,4.8805,1.4298,1,01 0-3 months,11,1.0
0.3824,4.8805,1.8665,0,05 2+ years,19,1.0
0.2272,4.8805,1.109,1,05 2+ years,16,2.0
0.2243,4.8805,1.0949,1,05 2+ years,26,1.0
0.2762,4.8805,1.3479,0,02 3-6 months,30,1.0
0.2665,4.8805,1.3005,1,04 1-2 years,26,1.0
0.9488,7.4219,7.0416,1,04 1-2 years,24,1.0
0.2256,4.8805,1.1012,0,03 6-12 months,2,1.0
0.9506,3.5253,3.3511,1,03 6-12 months,0,
0.6546,4.8805,3.1948,1,05 2+ years,6,1.0
0.1829,4.8805,0.8925,0,05 2+ years,27,1.0
0.9437,7.4219,7.004,1,04 1-2 years,20,1.0
0.1841,4.8805,0.8983,1,04 1-2 years,20,2.0
0.2868,4.8805,1.4,0,02 3-6 months,16,1.0
0.1174,4.8805,0.5728,0,03 6-12 months,26,2.0
0.2091,4.8805,1.0205,0,03 6-12 months,29,1.0
0.4766,4.8805,2.3259,0,05 2+ years,6,7.0
0.2733,4.8805,1.3341,1,05 2+ years,5,2.0
0.8748,16.6348,14.5522,1,05 2+ years,15,3.0
0.2282,4.8805,1.1139,0,04 1-2 years,25,1.0
0.9037,16.6348,15.0322,0,05 2+ years,10,1.0
0.1438,4.8805,0.7016,0,05 2+ years,26,1.0
0.2752,4.8805,1.3433,0,05 2+ years,26,2.0
0.8816,16.6348,14.666,0,05 2+ years,8,15.0
0.2215,4.8805,1.0812,0,04 1-2 years,15,1.0
0.2429,4.8805,1.1855,1,05 2+ years,15,3.0
0.1282,4.8805,0.6256,1,05 2+ years,26,1.0
0.2833,4.8805,1.3827,0,05 2+ years,21,1.0
0.789,7.4219,5.8556,1,05 2+ years,22,1.0
0.1739,4.8805,0.8488,0,02 3-6 months,29,1.0
0.9264,4.8805,4.5211,1,05 2+ years,0,
0.1715,4.8805,0.8372,0,05 2+ years,28,1.0
0.1536,4.8805,0.7496,0,05 2+ years,28,1.0
0.2673,4.8805,1.3048,0,05 2+ years,25,1.0
0.3995,4.8805,1.9496,0,01 0-3 months,12,1.0
0.2514,4.8805,1.2272,1,03 6-12 months,11,6.0
0.3872,4.8805,1.8895,0,04 1-2 years,9,9.0
0.253,4.8805,1.2348,0,04 1-2 years,30,1.0
0.2328,4.8805,1.1363,0,05 2+ years,25,2.0
0.2448,4.8805,1.1946,1,05 2+ years,4,1.0
0.3033,4.8805,1.4801,0,05 2+ years,30,1.0
0.1644,4.8805,0.8023,1,03 6-12 months,23,1.0
0.1399,4.8805,0.6829,1,05 2+ years,28,1.0
0.3132,4.8805,1.5284,0,01 0-3 months,21,1.0
0.2146,4.8805,1.0474,0,03 6-12 months,17,7.0
0.1855,4.8805,0.9053,1,04 1-2 years,19,1.0
0.3204,4.8805,1.5635,0,05 2+ years,29,1.0
0.185,4.8805,0.903,0,04 1-2 years,30,1.0
0.2965,4.8805,1.4473,0,05 2+ years,12,1.0
0.2438,4.8805,1.1899,0,02 3-6 months,14,1.0
0.8214,7.4219,6.0965,1,04 1-2 years,25,1.0
0.2761,4.8805,1.3475,0,05 2+ years,29,1.0
0.3241,4.8805,1.5816,0,01 0-3 months,27,1.0
0.1795,4.8805,0.8762,0,04 1-2 years,25,1.0
0.2864,4.8805,1.3979,1,05 2+ years,22,2.0
0.1391,4.8805,0.6787,0,05 2+ years,17,1.0
0.2204,4.8805,1.0755,1,02 3-6 months,30,1.0
0.8779,16.6348,14.604,1,05 2+ years,11,8.0
0.5756,4.8805,2.8094,0,04 1-2 years,1,30.0
0.8027,3.5253,2.8296,0,05 2+ years,16,1.0
0.4852,4.8805,2.368,0,04 1-2 years,2,14.0
0.1721,4.8805,0.8398,0,05 2+ years,30,1.0
0.2937,4.8805,1.4334,1,05 2+ years,28,1.0
0.8671,16.6348,14.4234,1,05 2+ years,7,2.0
0.1436,4.8805,0.701,0,05 2+ years,29,1.0
0.209,4.8805,1.0199,0,02 3-6 months,30,1.0
0.9575,16.6348,15.9279,1,05 2+ years,0,
0.1606,4.8805,0.7836,0,05 2+ years,28,1.0
0.4036,4.8805,1.9697,0,05 2+ years,14,5.0
0.8076,16.6348,13.4336,1,05 2+ years,27,1.0
0.7827,7.4219,5.8091,1,05 2+ years,19,1.0
0.8936,16.6348,14.865,1,05 2+ years,23,4.0
0.7902,7.4219,5.8648,1,05 2+ years,7,4.0
0.1549,4.8805,0.7558,0,05 2+ years,29,1.0
0.4578,4.8805,2.2341,0,01 0-3 months,20,11.0
0.164,4.8805,0.8005,0,05 2+ years,24,3.0
0.3058,4.8805,1.4927,0,04 1-2 years,4,11.0
0.4947,4.8805,2.4143,0,05 2+ years,28,1.0
0.1779,4.8805,0.8682,0,04 1-2 years,22,1.0
0.8226,16.6348,13.6846,1,05 2+ years,14,3.0
0.7946,16.6348,13.2181,1,05 2+ years,9,2.0
0.8681,16.6348,14.4402,0,05 2+ years,5,1.0
0.3327,4.8805,1.6236,0,05 2+ years,10,3.0
0.3795,4.8805,1.852,1,05 2+ years,18,2.0
0.196,4.8805,0.9564,0,04 1-2 years,23,1.0
0.2839,4.8805,1.3854,0,05 2+ years,26,1.0
0.5461,4.8805,2.6651,1,05 2+ years,11,5.0
0.18,4.8805,0.8787,0,04 1-2 years,28,1.0
0.5407,4.8805,2.639,0,01 0-3 months,9,6.0
0.881,7.4219,6.5389,1,05 2+ years,28,1.0
0.4906,4.8805,2.3943,0,04 1-2 years,4,17.0
0.2692,4.8805,1.314,0,04 1-2 years,24,1.0
0.5258,4.8805,2.5661,0,03 6-12 months,19,7.0
0.2438,4.8805,1.1901,0,03 6-12 months,30,1.0
0.9065,16.6348,15.0791,1,04 1-2 years,5,14.0
0.1773,4.8805,0.8653,0,04 1-2 years,15,4.0
0.2153,4.8805,1.0509,0,05 2+ years,18,2.0
0.9301,16.6348,15.4718,1,01 0-3 months,1,3.0
0.2665,4.8805,1.3008,0,05 2+ years,22,6.0
0.82,7.4219,6.0861,1,05 2+ years,7,8.0
0.5434,4.8805,2.6522,0,04 1-2 years,2,21.0
0.2458,4.8805,1.1994,0,05 2+ years,29,1.0
0.8796,16.6348,14.6313,1,04 1-2 years,25,1.0
0.3182,4.8805,1.5528,0,01 0-3 months,25,1.0
0.2364,4.8805,1.1535,0,04 1-2 years,8,1.0
0.3525,4.8805,1.7206,0,04 1-2 years,25,1.0
0.1813,4.8805,0.8847,1,04 1-2 years,30,1.0
0.2616,4.8805,1.2765,1,04 1-2 years,17,1.0
0.6667,4.8805,3.2541,1,05 2+ years,1,30.0
0.4222,4.8805,2.0604,0,05 2+ years,13,1.0
0.2352,4.8805,1.1476,0,05 2+ years,8,2.0
0.2601,4.8805,1.2693,1,01 0-3 months,29,1.0
0.5126,4.8805,2.5019,1,01 0-3 months,16,1.0
0.167,4.8805,0.8149,0,04 1-2 years,21,1.0
0.3324,4.8805,1.6221,1,05 2+ years,30,1.0
0.8683,4.8805,4.2376,1,01 0-3 months,3,28.0
0.2955,4.8805,1.4424,0,04 1-2 years,25,1.0
0.215,4.8805,1.0493,0,03 6-12 months,29,2.0
0.8694,16.6348,14.463,1,05 2+ years,23,1.0
0.1342,4.8805,0.655,0,05 2+ years,27,1.0
0.3926,4.8805,1.9162,1,03 6-12 months,2,14.0
0.1923,4.8805,0.9384,0,05 2+ years,27,1.0
0.892,16.6348,14.8377,1,05 2+ years,21,1.0
0.8653,16.6348,14.3934,1,05 2+ years,29,1.0
0.8607,4.8805,4.2004,1,04 1-2 years,1,20.0
0.5498,4.8805,2.6834,0,04 1-2 years,6,1.0
0.4361,4.8805,2.1283,0,05 2+ years,8,5.0
0.1371,4.8805,0.669,0,05 2+ years,30,1.0
0.1603,4.8805,0.7823,0,04 1-2 years,28,1.0
0.2064,4.8805,1.0072,0,03 6-12 months,30,1.0
0.1455,4.8805,0.71,0,05 2+ years,30,1.0
0.1694,4.8805,0.8268,0,05 2+ years,15,1.0
0.1777,4.8805,0.8674,0,02 3-6 months,23,1.0
0.1728,4.8805,0.8433,0,05 2+ years,21,6.0
0.356,4.8805,1.7377,1,01 0-3 months,25,2.0
0.1311,4.8805,0.6397,0,03 6-12 months,25,1.0
0.283,4.8805,1.381,1,05 2+ years,14,2.0
0.1868,4.8805,0.9117,1,03 6-12 months,17,1.0
0.1757,4.8805,0.8577,0,04 1-2 years,30,1.0
0.1815,4.8805,0.8856,0,04 1-2 years,17,2.0
0.8131,7.4219,6.035,1,04 1-2 years,15,3.0
0.2737,4.8805,1.3358,0,05 2+ years,24,5.0
0.3132,4.8805,1.5284,0,02 3-6 months,20,1.0
0.503,4.8805,2.4551,0,04 1-2 years,26,2.0
0.1354,4.8805,0.6607,0,05 2+ years,29,1.0
0.3778,4.8805,1.8439,0,04 1-2 years,13,2.0
0.23,4.8805,1.1223,0,03 6-12 months,18,1.0
0.2081,4.8805,1.0159,1,03 6-12 months,25,1.0
0.6476,7.4219,4.8065,1,05 2+ years,30,1.0
0.9551,7.4219,7.0883,1,01 0-3 months,3,1.0
0.3669,4.8805,1.7906,1,05 2+ years,19,1.0
0.3117,4.8805,1.5211,0,05 2+ years,29,1.0
0.2439,4.8805,1.1902,0,05 2+ years,19,1.0
0.2515,4.8805,1.2274,0,05 2+ years,27,1.0
0.4661,4.8805,2.2749,0,03 6-12 months,27,1.0
0.2527,4.8805,1.2333,0,05 2+ years,15,7.0
0.1996,4.8805,0.974,0,05 2+ years,29,1.0
0.3301,4.8805,1.6109,0,01 0-3 months,29,1.0
0.1669,4.8805,0.8147,0,04 1-2 years,17,2.0
0.1624,4.8805,0.7926,0,04 1-2 years,18,1.0
0.2386,4.8805,1.1643,0,05 2+ years,24,3.0
0.1613,4.8805,0.7871,0,04 1-2 years,17,1.0
0.8114,0.048,0.0389,1,01 0-3 months,20,1.0
0.1349,4.8805,0.6584,0,05 2+ years,30,1.0
0.6196,4.8805,3.0239,1,04 1-2 years,5,22.0
0.3673,4.8805,1.7925,0,05 2+ years,30,1.0
0.8585,16.6348,14.2803,1,05 2+ years,23,1.0
0.9314,16.6348,15.4929,0,05 2+ years,5,16.0
0.135,4.8805,0.6587,0,05 2+ years,30,1.0
0.1789,4.8805,0.8729,0,05 2+ years,20,1.0
0.48,4.8805,2.3428,1,04 1-2 years,29,1.0
0.1383,4.8805,0.675,0,05 2+ years,30,1.0
0.2426,4.8805,1.184,1,05 2+ years,27,1.0
0.5097,4.8805,2.4876,0,05 2+ years,2,21.0
0.4642,4.8805,2.2653,0,05 2+ years,3,11.0
0.1159,4.8805,0.5657,0,05 2+ years,30,1.0
0.7283,16.6348,12.1146,1,04 1-2 years,30,1.0
0.2298,4.8805,1.1217,0,05 2+ years,15,1.0
0.4089,4.8805,1.9956,1,01 0-3 months,23,1.0
0.8809,16.6348,14.6538,0,05 2+ years,9,9.0
0.9701,16.6348,16.1377,1,05 2+ years,0,
0.2463,4.8805,1.2022,0,04 1-2 years,28,1.0
0.3478,4.8805,1.6974,0,05 2+ years,27,1.0
0.4018,4.8805,1.9612,1,05 2+ years,21,3.0
0.4798,4.8805,2.3416,0,05 2+ years,11,3.0
0.466,4.8805,2.2743,0,05 2+ years,24,1.0
0.3119,4.8805,1.5223,0,05 2+ years,12,1.0
0.5744,4.8805,2.8034,0,04 1-2 years,7,14.0
0.2192,4.8805,1.0697,0,05 2+ years,14,3.0
0.3184,4.8805,1.5538,0,05 2+ years,26,1.0
0.215,4.8805,1.0495,0,04 1-2 years,26,1.0
0.2267,4.8805,1.1065,0,02 3-6 months,19,1.0
0.2596,4.8805,1.2671,0,01 0-3 months,23,1.0
0.2416,4.8805,1.1792,0,04 1-2 years,12,2.0
0.2581,4.8805,1.2595,0,01 0-3 months,23,1.0
0.2637,4.8805,1.2868,1,01 0-3 months,29,1.0
0.3921,4.8805,1.9135,0,05 2+ years,20,2.0
0.7962,7.4219,5.9092,0,05 2+ years,22,1.0
0.7772,3.5253,2.7398,1,05 2+ years,18,1.0
0.8886,16.6348,14.7817,1,05 2+ years,28,1.0
0.3014,4.8805,1.4711,0,05 2+ years,21,1.0
0.4313,4.8805,2.1047,1,02 3-6 months,16,4.0
0.2902,4.8805,1.4164,1,05 2+ years,30,1.0
0.1729,4.8805,0.8438,0,03 6-12 months,22,1.0
0.8768,16.6348,14.5853,1,05 2+ years,25,1.0
0.1919,4.8805,0.9363,0,05 2+ years,28,1.0
0.1816,4.8805,0.8865,1,04 1-2 years,26,2.0
0.209,4.8805,1.0199,1,05 2+ years,30,1.0
0.3463,4.8805,1.6903,0,05 2+ years,25,1.0
0.8615,3.5253,3.0371,1,03 6-12 months,27,2.0
0.1824,4.8805,0.89,1,05 2+ years,30,1.0
0.203,4.8805,0.9907,0,05 2+ years,25,2.0
0.2012,4.8805,0.9819,0,04 1-2 years,18,1.0
0.6651,3.5253,2.3448,1,05 2+ years,16,1.0
0.346,4.8805,1.6886,0,04 1-2 years,14,1.0
0.5038,4.8805,2.459,1,01 0-3 months,26,1.0
0.2994,4.8805,1.4614,1,04 1-2 years,28,1.0
0.1916,4.8805,0.9349,0,01 0-3 months,27,1.0
0.4843,4.8805,2.3634,1,05 2+ years,17,3.0
0.181,4.8805,0.8836,0,05 2+ years,26,1.0
0.1039,4.8805,0.5069,0,05 2+ years,28,1.0
0.2947,4.8805,1.4383,1,05 2+ years,10,4.0
0.3014,4.8805,1.4708,1,01 0-3 months,29,1.0
0.2573,4.8805,1.2556,0,04 1-2 years,24,1.0
0.5386,3.5253,1.8986,0,04 1-2 years,29,1.0
0.176,4.8805,0.8589,0,05 2+ years,29,1.0
0.0896,4.8805,0.4373,0,04 1-2 years,30,1.0
0.2584,4.8805,1.2612,0,05 2+ years,17,5.0
0.4517,4.8805,2.2044,0,01 0-3 months,7,1.0
0.9708,4.8805,4.7378,1,99 unknown,0,
0.1461,4.8805,0.7131,1,05 2+ years,24,1.0
0.1396,4.8805,0.6815,0,05 2+ years,30,1.0
0.3845,4.8805,1.8766,0,05 2+ years,17,1.0
0.5393,4.8805,2.632,1,05 2+ years,10,2.0
0.2546,4.8805,1.2428,0,05 2+ years,28,1.0
0.843,7.4219,6.2566,1,05 2+ years,27,1.0
0.22,4.8805,1.0737,1,05 2+ years,25,4.0
0.8852,7.4219,6.5695,1,03 6-12 months,17,1.0
0.1968,4.8805,0.9607,0,03 6-12 months,25,2.0
0.5567,4.8805,2.7169,0,05 2+ years,13,2.0
0.5315,4.8805,2.5942,1,05 2+ years,22,1.0
0.8882,16.6348,14.7744,1,05 2+ years,18,4.0
0.3322,4.8805,1.6214,0,03 6-12 months,11,7.0
0.2343,4.8805,1.1434,0,04 1-2 years,23,1.0
0.3693,4.8805,1.8021,0,03 6-12 months,17,1.0
0.4325,4.8805,2.1106,1,03 6-12 months,6,8.0
0.238,4.8805,1.1618,0,05 2+ years,10,6.0
0.3855,4.8805,1.8813,0,05 2+ years,17,1.0
0.1672,4.8805,0.8158,0,04 1-2 years,30,1.0
0.8158,16.6348,13.5703,1,05 2+ years,26,1.0
0.4763,4.8805,2.3247,1,02 3-6 months,15,1.0
0.3115,4.8805,1.5204,0,01 0-3 months,17,1.0
0.1327,4.8805,0.6477,0,05 2+ years,30,1.0
0.2999,4.8805,1.4636,0,04 1-2 years,28,1.0
0.8356,7.4219,6.2019,1,04 1-2 years,27,1.0
0.901,16.6348,14.9871,1,05 2+ years,4,1.0
0.3324,4.8805,1.6224,0,05 2+ years,19,1.0
0.8834,16.6348,14.695,0,04 1-2 years,13,7.0
0.3185,4.8805,1.5545,1,01 0-3 months,21,1.0
0.5075,4.8805,2.477,0,05 2+ years,22,1.0
0.2499,4.8805,1.2197,0,04 1-2 years,10,1.0
0.2939,4.8805,1.4345,0,05 2+ years,9,1.0
0.3654,4.8805,1.7832,0,01 0-3 months,29,1.0
0.1973,4.8805,0.9629,1,05 2+ years,26,1.0
0.336,4.8805,1.64,0,05 2+ years,17,1.0
0.2126,4.8805,1.0377,1,05 2+ years,19,1.0
0.1754,4.8805,0.8559,0,05 2+ years,28,1.0
0.188,4.8805,0.9176,0,05 2+ years,30,1.0
0.1686,4.8805,0.8228,0,05 2+ years,28,1.0
0.2535,4.8805,1.2371,0,04 1-2 years,29,1.0
0.4772,4.8805,2.3288,0,04 1-2 years,15,4.0
0.2754,4.8805,1.3439,0,05 2+ years,11,1.0
0.2212,4.8805,1.0795,0,04 1-2 years,15,2.0
0.1242,4.8805,0.6061,0,02 3-6 months,23,1.0
0.4873,4.8805,2.3781,0,05 2+ years,25,1.0
0.4041,4.8805,1.972,0,03 6-12 months,12,2.0
0.6471,16.6348,10.764,1,05 2+ years,29,1.0
0.2415,4.8805,1.1786,0,05 2+ years,27,1.0
0.8557,0.048,0.0411,1,05 2+ years,3,3.0
0.1944,4.8805,0.9485,0,05 2+ years,28,1.0
0.7828,4.8805,3.8203,1,05 2+ years,3,24.0
0.4158,4.8805,2.0292,0,02 3-6 months,8,1.0
0.6779,16.6348,11.2774,1,05 2+ years,26,2.0
0.156,4.8805,0.7615,0,03 6-12 months,30,1.0
0.1525,4.8805,0.7442,0,05 2+ years,22,1.0
0.1439,4.8805,0.7022,0,03 6-12 months,20,1.0
0.1597,4.8805,0.7797,0,05 2+ years,24,1.0
0.8947,7.4219,6.6403,1,05 2+ years,14,3.0
0.1829,4.8805,0.8928,1,05 2+ years,27,1.0
0.6441,4.8805,3.1436,1,05 2+ years,16,8.0
0.4726,0.048,0.0227,0,05 2+ years,5,6.0
0.3882,4.8805,1.8948,0,01 0-3 months,12,7.0
0.1556,4.8805,0.7594,1,04 1-2 years,25,1.0
0.1529,4.8805,0.7462,0,03 6-12 months,28,1.0
0.6219,4.8805,3.0353,0,05 2+ years,25,1.0
0.1776,4.8805,0.8668,0,05 2+ years,23,2.0
0.2041,4.8805,0.9963,1,05 2+ years,30,1.0
0.6922,7.4219,5.1374,0,05 2+ years,19,2.0
0.1949,4.8805,0.9511,1,05 2+ years,30,1.0
0.1845,4.8805,0.9006,0,05 2+ years,25,1.0
0.4734,4.8805,2.3105,1,05 2+ years,27,1.0
0.2577,4.8805,1.2576,1,04 1-2 years,8,8.0
0.6065,4.8805,2.9601,0,01 0-3 months,8,9.0
0.1075,4.8805,0.5247,0,05 2+ years,28,1.0
0.2673,4.8805,1.3046,1,03 6-12 months,30,1.0
0.4095,4.8805,1.9986,0,01 0-3 months,18,1.0
0.221,4.8805,1.0786,0,04 1-2 years,27,1.0
0.3329,4.8805,1.6247,1,05 2+ years,13,7.0
0.1661,4.8805,0.8105,0,05 2+ years,25,1.0
0.887,16.6348,14.7544,1,04 1-2 years,13,2.0
0.8467,4.8805,4.1323,1,03 6-12 months,3,14.0
0.2673,4.8805,1.3047,0,05 2+ years,23,1.0
0.8255,16.6348,13.7315,1,04 1-2 years,27,1.0
0.173,4.8805,0.8445,0,03 6-12 months,19,1.0
0.9345,4.8805,4.561,1,01 0-3 months,0,
0.812,7.4219,6.0268,0,05 2+ years,28,1.0
0.9005,16.6348,14.9803,1,05 2+ years,23,2.0
0.4882,4.8805,2.3826,0,03 6-12 months,22,2.0
0.8695,7.4219,6.4532,1,04 1-2 years,29,1.0
0.2889,4.8805,1.4099,0,02 3-6 months,26,1.0
0.111,4.8805,0.5417,0,05 2+ years,28,1.0
0.2018,4.8805,0.9847,0,03 6-12 months,18,1.0
0.4409,4.8805,2.1517,1,04 1-2 years,18,2.0
0.1532,4.8805,0.7475,1,04 1-2 years,29,1.0
0.2656,4.8805,1.296,0,05 2+ years,10,1.0
0.2812,4.8805,1.3725,0,05 2+ years,28,3.0
0.4133,4.8805,2.017,1,02 3-6 months,14,1.0
0.122,4.8805,0.5956,0,05 2+ years,28,1.0
0.2233,4.8805,1.0899,1,03 6-12 months,29,1.0
0.1425,4.8805,0.6956,0,05 2+ years,29,1.0
0.4398,4.8805,2.1462,0,05 2+ years,19,2.0
0.3613,4.8805,1.7635,1,05 2+ years,11,4.0
0.3213,4.8805,1.5681,1,05 2+ years,16,1.0
0.8957,3.5253,3.1576,1,03 6-12 months,14,1.0
0.2215,4.8805,1.0809,0,05 2+ years,16,1.0
0.8149,7.4219,6.0484,1,05 2+ years,30,1.0
0.2026,4.8805,0.989,0,05 2+ years,19,1.0
0.177,4.8805,0.8636,0,03 6-12 months,19,1.0
0.1792,4.8805,0.8744,0,05 2+ years,28,1.0
0.3077,4.8805,1.5016,1,04 1-2 years,23,1.0
0.2791,4.8805,1.3623,0,05 2+ years,25,1.0
0.2941,4.8805,1.4354,1,04 1-2 years,21,1.0
0.401,4.8805,1.9568,0,05 2+ years,4,1.0
0.5292,3.5253,1.8655,0,05 2+ years,21,2.0
0.1778,4.8805,0.8679,0,02 3-6 months,26,1.0
0.3747,4.8805,1.8289,1,02 3-6 months,11,1.0
0.8921,3.5253,3.1448,1,02 3-6 months,4,3.0
0.3177,4.8805,1.5503,1,01 0-3 months,27,1.0
0.3535,4.8805,1.7251,1,02 3-6 months,17,3.0
0.2484,4.8805,1.2122,0,02 3-6 months,30,1.0
0.3519,4.8805,1.7173,0,05 2+ years,10,1.0
0.1693,4.8805,0.8261,0,05 2+ years,28,1.0
0.3215,4.8805,1.569,0,04 1-2 years,20,1.0
0.9512,7.4219,7.0598,1,04 1-2 years,16,3.0
0.2401,4.8805,1.1718,0,05 2+ years,29,1.0
0.1617,4.8805,0.7894,0,04 1-2 years,28,1.0
0.1629,4.8805,0.7951,0,05 2+ years,29,1.0
0.1316,4.8805,0.6424,0,04 1-2 years,30,1.0
0.2459,4.8805,1.2001,0,02 3-6 months,21,5.0
0.1721,4.8805,0.8399,1,05 2+ years,17,2.0
0.485,4.8805,2.3669,1,05 2+ years,16,1.0
0.1586,4.8805,0.774,0,03 6-12 months,29,1.0
0.1855,4.8805,0.9051,0,04 1-2 years,29,1.0
0.1438,4.8805,0.7019,0,05 2+ years,30,1.0
0.1331,4.8805,0.6494,0,05 2+ years,29,1.0
0.7179,7.4219,5.3284,0,04 1-2 years,27,1.0
0.2151,4.8805,1.0497,0,05 2+ years,22,1.0
0.2017,4.8805,0.9844,1,04 1-2 years,27,1.0
0.804,3.5253,2.8344,1,05 2+ years,12,1.0
0.6869,4.8805,3.3526,1,04 1-2 years,12,10.0
0.4238,4.8805,2.0682,0,01 0-3 months,26,1.0
0.322,4.8805,1.5715,0,05 2+ years,10,10.0
0.1791,4.8805,0.8742,0,04 1-2 years,29,1.0
0.4947,4.8805,2.4145,1,03 6-12 months,27,3.0
0.2261,4.8805,1.1034,0,03 6-12 months,27,1.0
0.6116,4.8805,2.9851,0,05 2+ years,25,1.0
0.5449,4.8805,2.6595,1,04 1-2 years,18,2.0
0.2227,4.8805,1.0868,1,05 2+ years,15,1.0
0.7944,3.5253,2.8004,1,04 1-2 years,1,11.0
0.1557,4.8805,0.76,0,05 2+ years,23,3.0
0.41,4.8805,2.001,1,05 2+ years,18,2.0
0.1504,4.8805,0.7343,0,05 2+ years,23,1.0
0.2275,4.8805,1.1103,0,04 1-2 years,30,1.0
0.8311,7.4219,6.1681,1,05 2+ years,7,1.0
0.2231,4.8805,1.0889,1,04 1-2 years,23,1.0
0.4536,4.8805,2.2136,0,04 1-2 years,22,3.0
0.545,4.8805,2.6599,1,04 1-2 years,9,3.0
0.2486,4.8805,1.2131,0,05 2+ years,20,4.0
0.1686,4.8805,0.8226,0,05 2+ years,25,2.0
0.1944,4.8805,0.9489,1,05 2+ years,20,1.0
0.2623,4.8805,1.2802,0,05 2+ years,25,1.0
0.1688,4.8805,0.824,0,05 2+ years,30,1.0
0.7045,4.8805,3.4385,1,05 2+ years,21,5.0
0.8773,16.6348,14.593,1,05 2+ years,28,1.0
0.3309,4.8805,1.6149,0,05 2+ years,3,6.0
0.5577,4.8805,2.722,1,01 0-3 months,11,4.0
0.2099,4.8805,1.0243,0,03 6-12 months,8,1.0
0.149,4.8805,0.7274,1,03 6-12 months,28,1.0
0.1689,4.8805,0.8244,0,05 2+ years,28,1.0
0.6021,4.8805,2.9388,0,04 1-2 years,4,15.0
0.1193,4.8805,0.5823,0,04 1-2 years,28,1.0
0.4159,4.8805,2.0299,1,05 2+ years,8,1.0
0.2861,4.8805,1.3963,0,04 1-2 years,25,1.0
0.9485,7.4219,7.0396,1,05 2+ years,5,13.0
0.9683,7.4219,7.1868,1,05 2+ years,14,1.0
0.1987,4.8805,0.9698,1,05 2+ years,30,1.0
0.8183,16.6348,13.6123,0,04 1-2 years,27,1.0
0.2903,4.8805,1.4169,0,05 2+ years,13,4.0
0.3268,4.8805,1.5952,0,05 2+ years,28,1.0
0.2038,4.8805,0.9947,1,02 3-6 months,18,2.0
0.1452,4.8805,0.7085,1,05 2+ years,27,1.0
0.8724,7.4219,6.4746,1,05 2+ years,16,2.0
0.4072,4.8805,1.9872,0,03 6-12 months,15,1.0
0.8674,16.6348,14.4286,1,05 2+ years,24,2.0
0.8459,16.6348,14.0713,1,05 2+ years,21,3.0
0.3921,4.8805,1.9137,1,01 0-3 months,25,1.0
0.4919,4.8805,2.4007,0,02 3-6 months,4,10.0
0.5064,4.8805,2.4717,1,05 2+ years,12,2.0
0.1124,4.8805,0.5484,0,05 2+ years,30,1.0
0.2039,4.8805,0.9953,0,05 2+ years,22,1.0
0.5106,7.4219,3.7894,0,05 2+ years,24,2.0
0.1644,4.8805,0.8025,0,04 1-2 years,29,2.0
0.3703,3.5253,1.3054,1,01 0-3 months,21,1.0
0.1494,4.8805,0.7291,0,05 2+ years,30,1.0
0.7676,4.8805,3.7464,0,03 6-12 months,11,10.0
0.2093,4.8805,1.0214,0,01 0-3 months,30,1.0
0.8484,7.4219,6.2964,1,05 2+ years,7,4.0
0.8681,7.4219,6.4429,0,04 1-2 years,30,1.0
0.4082,4.8805,1.9922,0,05 2+ years,8,1.0
0.4978,4.8805,2.4294,1,05 2+ years,23,6.0
0.2288,4.8805,1.1166,0,01 0-3 months,21,1.0
0.1734,4.8805,0.8461,0,03 6-12 months,21,1.0
0.9051,16.6348,15.0558,1,05 2+ years,5,2.0
0.2717,4.8805,1.3259,0,04 1-2 years,21,1.0
0.8443,7.4219,6.2661,1,04 1-2 years,25,1.0
0.9587,7.4219,7.1157,1,05 2+ years,15,1.0
0.822,7.4219,6.101,0,04 1-2 years,27,3.0
0.8263,16.6348,13.7455,1,05 2+ years,21,1.0
0.2577,4.8805,1.2578,1,05 2+ years,17,2.0
0.1642,4.8805,0.8013,1,05 2+ years,30,1.0
0.7022,7.4219,5.2113,1,05 2+ years,22,1.0
0.1749,4.8805,0.8535,0,03 6-12 months,23,1.0
0.2618,4.8805,1.2779,0,05 2+ years,24,1.0
0.6031,4.8805,2.9434,0,05 2+ years,6,3.0
0.9387,7.4219,6.9667,1,05 2+ years,21,1.0
0.5875,4.8805,2.8671,0,05 2+ years,6,18.0
0.2752,4.8805,1.3429,1,04 1-2 years,22,1.0
0.1822,4.8805,0.8894,0,05 2+ years,21,1.0
0.8655,16.6348,14.3978,1,05 2+ years,8,2.0
0.6931,4.8805,3.3826,1,05 2+ years,8,12.0
0.3354,4.8805,1.6368,1,04 1-2 years,17,4.0
0.7005,7.4219,5.1988,1,05 2+ years,29,1.0
0.1702,4.8805,0.8307,1,04 1-2 years,22,2.0
0.2055,4.8805,1.0028,0,05 2+ years,27,1.0
0.7946,7.4219,5.8978,1,04 1-2 years,7,4.0
0.1424,4.8805,0.6951,0,04 1-2 years,30,1.0
0.1605,4.8805,0.7835,0,04 1-2 years,21,2.0
0.8482,7.4219,6.2949,1,03 6-12 months,30,1.0
0.8779,7.4219,6.5159,1,05 2+ years,15,1.0
0.1816,4.8805,0.8865,0,05 2+ years,20,1.0
0.8889,16.6348,14.7861,1,05 2+ years,19,1.0
0.7544,3.5253,2.6595,1,02 3-6 months,28,2.0
0.2199,4.8805,1.073,1,05 2+ years,23,1.0
0.5032,4.8805,2.4557,1,05 2+ years,17,1.0
0.3674,4.8805,1.7929,1,05 2+ years,12,1.0
0.3127,4.8805,1.526,0,05 2+ years,9,5.0
0.9559,7.4219,7.0947,1,05 2+ years,14,2.0
0.176,4.8805,0.859,0,04 1-2 years,8,1.0
0.1644,4.8805,0.8024,1,03 6-12 months,24,1.0
0.6546,4.8805,3.1945,1,05 2+ years,9,9.0
0.101,4.8805,0.4927,0,05 2+ years,30,1.0
0.8388,16.6348,13.9526,1,05 2+ years,27,1.0
0.2203,4.8805,1.0751,0,05 2+ years,21,1.0
0.2843,4.8805,1.3874,0,05 2+ years,19,1.0
0.6228,4.8805,3.0395,0,04 1-2 years,18,13.0
0.8062,7.4219,5.9835,1,04 1-2 years,27,1.0
0.121,4.8805,0.5905,0,05 2+ years,27,1.0
0.2546,4.8805,1.2427,0,03 6-12 months,8,2.0
0.2311,4.8805,1.1277,0,04 1-2 years,28,1.0
0.1308,4.8805,0.6383,1,04 1-2 years,28,1.0
0.3619,4.8805,1.7664,0,05 2+ years,26,1.0
0.2814,4.8805,1.3732,0,05 2+ years,16,1.0
0.2728,4.8805,1.3313,0,03 6-12 months,11,1.0
0.9489,7.4219,7.0424,1,01 0-3 months,3,1.0
0.8768,16.6348,14.5858,1,05 2+ years,24,1.0
0.221,4.8805,1.0787,0,05 2+ years,21,2.0
0.2558,4.8805,1.2483,1,05 2+ years,16,7.0
0.6836,16.6348,11.3708,1,05 2+ years,27,1.0
0.1667,4.8805,0.8135,1,04 1-2 years,21,2.0
0.1307,4.8805,0.6377,1,04 1-2 years,27,1.0
0.1703,4.8805,0.8311,0,05 2+ years,25,1.0
0.1325,4.8805,0.6466,1,05 2+ years,29,1.0
0.2707,4.8805,1.3212,0,02 3-6 months,23,1.0
0.2576,4.8805,1.2574,0,05 2+ years,24,2.0
0.342,4.8805,1.6689,0,04 1-2 years,11,4.0
0.9604,7.4219,7.1281,1,05 2+ years,24,1.0
0.1087,4.8805,0.5305,0,02 3-6 months,29,1.0
0.1795,4.8805,0.8759,0,05 2+ years,30,1.0
0.1702,4.8805,0.8306,0,04 1-2 years,28,1.0
0.2212,4.8805,1.0797,1,03 6-12 months,26,1.0
0.3219,4.8805,1.5709,1,05 2+ years,9,1.0
0.333,4.8805,1.6254,0,02 3-6 months,28,2.0
0.2518,4.8805,1.2288,0,04 1-2 years,18,2.0
0.4492,4.8805,2.1921,0,04 1-2 years,18,3.0
0.2162,4.8805,1.0554,0,03 6-12 months,13,2.0
0.9341,7.4219,6.9325,1,04 1-2 years,21,1.0
0.9707,16.6348,16.1473,1,05 2+ years,3,1.0
0.3586,4.8805,1.75,0,05 2+ years,29,1.0
0.1717,4.8805,0.8382,1,03 6-12 months,29,1.0
0.7031,3.5253,2.4787,1,01 0-3 months,8,2.0
0.141,4.8805,0.688,0,05 2+ years,30,1.0
0.3829,4.8805,1.8686,0,02 3-6 months,23,1.0
0.2238,4.8805,1.0921,0,05 2+ years,29,1.0
0.1491,4.8805,0.7275,1,04 1-2 years,30,1.0
0.6053,4.8805,2.9542,0,05 2+ years,14,2.0
0.9342,3.5253,3.2934,1,04 1-2 years,5,10.0
0.1966,4.8805,0.9593,0,04 1-2 years,23,1.0
0.1999,4.8805,0.9756,0,04 1-2 years,19,1.0
0.2852,4.8805,1.3917,0,01 0-3 months,23,1.0
0.7514,16.6348,12.4998,1,05 2+ years,2,10.0
0.1812,4.8805,0.8845,0,03 6-12 months,17,2.0
0.8607,3.5253,3.0343,1,04 1-2 years,14,3.0
0.1901,4.8805,0.928,0,04 1-2 years,30,1.0
0.3076,4.8805,1.5013,0,04 1-2 years,30,1.0
0.4529,4.8805,2.2103,0,05 2+ years,20,5.0
0.0808,4.8805,0.3943,0,05 2+ years,30,1.0
0.2206,4.8805,1.0766,0,05 2+ years,18,1.0
0.5953,4.8805,2.9053,1,04 1-2 years,14,1.0
0.2854,4.8805,1.3931,1,05 2+ years,13,1.0
0.2967,4.8805,1.4478,0,04 1-2 years,30,1.0
0.3185,4.8805,1.5542,0,04 1-2 years,15,1.0
0.1767,4.8805,0.8624,0,03 6-12 months,20,5.0
0.4907,4.8805,2.3949,1,05 2+ years,24,5.0
0.7606,7.4219,5.645,1,02 3-6 months,20,2.0
0.3167,4.8805,1.5455,0,05 2+ years,24,1.0
0.2634,4.8805,1.2853,0,03 6-12 months,14,1.0
0.8366,4.8805,4.083,1,02 3-6 months,0,
0.5479,4.8805,2.6742,0,02 3-6 months,12,3.0
0.2644,4.8805,1.2904,1,04 1-2 years,28,1.0
0.6397,3.5253,2.2551,1,04 1-2 years,23,1.0
0.4227,4.8805,2.063,0,04 1-2 years,16,1.0
0.2074,4.8805,1.012,0,05 2+ years,19,2.0
0.2177,4.8805,1.0627,0,05 2+ years,23,1.0
0.4398,4.8805,2.1466,1,05 2+ years,25,3.0
0.2188,4.8805,1.068,0,05 2+ years,17,1.0
0.1989,4.8805,0.9707,0,05 2+ years,30,1.0
0.5701,4.8805,2.7821,1,04 1-2 years,3,18.0
0.1627,4.8805,0.7941,0,05 2+ years,30,1.0
0.2147,4.8805,1.0476,0,02 3-6 months,25,1.0
0.3104,4.8805,1.5147,0,01 0-3 months,27,2.0
0.2381,4.8805,1.1622,1,01 0-3 months,21,1.0
0.2036,4.8805,0.9938,1,04 1-2 years,23,1.0
0.4689,4.8805,2.2887,0,05 2+ years,2,25.0
0.3232,4.8805,1.5776,1,02 3-6 months,19,1.0
0.8721,16.6348,14.5078,1,04 1-2 years,29,1.0
0.1933,4.8805,0.9432,1,04 1-2 years,30,1.0
0.8846,7.4219,6.5652,1,05 2+ years,9,3.0
0.278,4.8805,1.357,1,01 0-3 months,25,1.0
0.4562,4.8805,2.2265,1,03 6-12 months,21,8.0
0.342,4.8805,1.6693,1,05 2+ years,26,1.0
0.4383,4.8805,2.1392,0,04 1-2 years,16,3.0
0.4449,4.8805,2.1712,0,05 2+ years,18,1.0
0.5904,4.8805,2.8812,1,01 0-3 months,15,6.0
0.0963,4.8805,0.47,0,05 2+ years,30,1.0
0.8451,16.6348,14.0575,1,05 2+ years,20,1.0
0.8586,16.6348,14.2833,1,05 2+ years,25,1.0
0.4399,4.8805,2.1468,0,04 1-2 years,19,1.0
0.872,3.5253,3.074,1,02 3-6 months,11,2.0
0.5195,4.8805,2.5356,1,02 3-6 months,29,1.0
0.2262,4.8805,1.1039,0,04 1-2 years,21,1.0
0.9351,16.6348,15.5554,1,05 2+ years,25,1.0
0.3075,4.8805,1.5006,0,02 3-6 months,9,1.0
0.2197,4.8805,1.0725,1,05 2+ years,27,1.0
0.3831,4.8805,1.8699,0,01 0-3 months,30,1.0
0.3828,4.8805,1.8684,0,05 2+ years,8,3.0
0.3004,4.8805,1.466,1,01 0-3 months,26,1.0
0.325,4.8805,1.5864,1,01 0-3 months,26,1.0
0.1821,4.8805,0.8889,0,05 2+ years,23,2.0
0.2161,4.8805,1.0546,0,05 2+ years,22,1.0
0.3736,7.4219,2.7726,0,05 2+ years,30,1.0
0.1642,4.8805,0.8016,0,05 2+ years,20,1.0
0.1459,4.8805,0.7118,0,05 2+ years,15,1.0
0.2418,4.8805,1.1799,0,05 2+ years,16,1.0
0.789,16.6348,13.1253,1,05 2+ years,26,1.0
0.7283,7.4219,5.4054,1,05 2+ years,11,2.0
0.3215,4.8805,1.5692,1,05 2+ years,16,7.0
0.4913,4.8805,2.398,1,04 1-2 years,13,1.0
0.1195,4.8805,0.583,0,04 1-2 years,26,1.0
0.1944,4.8805,0.949,0,04 1-2 years,27,1.0
0.2904,4.8805,1.4172,0,04 1-2 years,17,2.0
0.2879,4.8805,1.4051,1,05 2+ years,18,1.0
0.8736,3.5253,3.0798,1,05 2+ years,28,1.0
0.2624,4.8805,1.2807,0,05 2+ years,13,3.0
0.9485,16.6348,15.7781,1,05 2+ years,26,2.0
0.2974,4.8805,1.4515,1,03 6-12 months,22,3.0
0.6928,4.8805,3.3814,1,04 1-2 years,25,1.0
0.2167,4.8805,1.0574,0,05 2+ years,28,1.0
0.2828,4.8805,1.3801,1,02 3-6 months,18,2.0
0.2253,4.8805,1.0995,0,04 1-2 years,27,1.0
0.8745,16.6348,14.5473,1,05 2+ years,25,2.0
0.1667,4.8805,0.8136,0,04 1-2 years,30,1.0
0.1018,4.8805,0.4969,0,05 2+ years,27,1.0
0.1818,4.8805,0.8871,1,02 3-6 months,24,1.0
0.8368,7.4219,6.2104,1,05 2+ years,15,1.0
0.9506,7.4219,7.0552,1,05 2+ years,25,1.0
0.2092,4.8805,1.0211,1,04 1-2 years,22,2.0
0.4816,4.8805,2.3503,1,04 1-2 years,3,17.0
0.5163,4.8805,2.5198,1,05 2+ years,29,1.0
0.1433,4.8805,0.6995,0,05 2+ years,24,1.0
0.2539,4.8805,1.2393,1,04 1-2 years,28,1.0
0.1407,4.8805,0.6866,0,05 2+ years,29,1.0
0.5279,4.8805,2.5766,1,04 1-2 years,14,1.0
0.2814,4.8805,1.3733,0,05 2+ years,30,1.0
0.1464,4.8805,0.7146,0,04 1-2 years,30,1.0
0.1805,4.8805,0.8809,0,03 6-12 months,23,1.0
0.2682,4.8805,1.3089,0,03 6-12 months,27,2.0
0.2166,4.8805,1.0573,0,05 2+ years,30,1.0
0.1863,4.8805,0.909,0,04 1-2 years,29,1.0
0.1732,4.8805,0.8452,1,03 6-12 months,26,1.0
0.8663,7.4219,6.4293,1,03 6-12 months,6,2.0
0.1949,4.8805,0.9512,0,02 3-6 months,28,1.0
0.4562,4.8805,2.2264,0,05 2+ years,6,4.0
0.2852,4.8805,1.3921,0,05 2+ years,12,1.0
0.878,7.4219,6.5163,1,05 2+ years,14,3.0
0.4705,4.8805,2.2961,0,01 0-3 months,8,12.0
0.719,3.5253,2.5346,1,05 2+ years,5,7.0
0.9012,7.4219,6.6887,1,05 2+ years,7,4.0
0.2154,4.8805,1.0511,0,03 6-12 months,20,1.0
0.3394,4.8805,1.6565,0,05 2+ years,25,2.0
0.3049,4.8805,1.4881,0,04 1-2 years,30,1.0
0.3923,4.8805,1.9144,0,04 1-2 years,8,1.0
0.2163,4.8805,1.0557,0,04 1-2 years,23,1.0
0.1358,4.8805,0.6627,0,05 2+ years,26,1.0
0.5321,4.8805,2.5969,1,05 2+ years,9,4.0
0.2137,4.8805,1.043,0,04 1-2 years,23,1.0
0.162,4.8805,0.7907,1,05 2+ years,29,1.0
0.2839,4.8805,1.3856,0,03 6-12 months,25,1.0
0.9009,16.6348,14.9862,1,05 2+ years,6,1.0
0.9507,7.4219,7.0558,1,05 2+ years,29,1.0
0.3336,4.8805,1.6282,0,03 6-12 months,14,3.0
0.149,4.8805,0.7274,0,05 2+ years,29,1.0
0.4135,4.8805,2.0183,1,01 0-3 months,25,2.0
0.3252,4.8805,1.5872,0,01 0-3 months,13,1.0
0.5144,4.8805,2.5105,1,04 1-2 years,21,2.0
0.8763,7.4219,6.5037,1,05 2+ years,18,3.0
0.1461,4.8805,0.7131,0,05 2+ years,30,1.0
0.9764,16.6348,16.2421,1,05 2+ years,0,
0.1459,4.8805,0.7121,0,05 2+ years,28,1.0
0.3034,4.8805,1.4808,0,05 2+ years,6,5.0
0.4538,4.8805,2.2149,1,05 2+ years,24,1.0
0.2029,4.8805,0.9904,0,05 2+ years,17,1.0
0.948,7.4219,7.0359,1,03 6-12 months,19,1.0
0.2084,4.8805,1.0169,0,05 2+ years,13,1.0
0.5964,4.8805,2.9106,0,02 3-6 months,13,10.0
0.8098,16.6348,13.4715,1,05 2+ years,24,1.0
0.1307,4.8805,0.6378,0,05 2+ years,30,1.0
0.2289,4.8805,1.117,0,04 1-2 years,20,1.0
0.9593,7.4219,7.1198,1,05 2+ years,16,1.0
0.8326,16.6348,13.8505,1,05 2+ years,20,1.0
0.329,4.8805,1.6058,1,03 6-12 months,26,2.0
0.8658,16.6348,14.4032,0,05 2+ years,26,1.0
0.2038,4.8805,0.9945,1,05 2+ years,23,1.0
0.8161,3.5253,2.8769,1,03 6-12 months,13,3.0
0.4648,4.8805,2.2685,1,01 0-3 months,29,1.0
0.2228,4.8805,1.0874,0,02 3-6 months,29,1.0
0.2933,4.8805,1.4314,0,04 1-2 years,15,1.0
0.1559,4.8805,0.7609,1,05 2+ years,30,1.0
0.1791,4.8805,0.8742,0,05 2+ years,15,6.0
0.2264,4.8805,1.1051,0,05 2+ years,25,1.0
0.2792,4.8805,1.3625,0,04 1-2 years,28,1.0
0.6234,4.8805,3.0423,1,01 0-3 months,7,1.0
0.7536,16.6348,12.5356,1,05 2+ years,28,2.0
0.5573,4.8805,2.7198,0,05 2+ years,15,2.0
0.8398,7.4219,6.2332,1,05 2+ years,11,1.0
0.2972,4.8805,1.4503,1,04 1-2 years,17,4.0
0.8486,3.5253,2.9917,1,05 2+ years,6,5.0
0.852,4.8805,4.158,0,05 2+ years,4,15.0
0.2384,4.8805,1.1636,0,04 1-2 years,24,1.0
0.2612,4.8805,1.2748,0,05 2+ years,27,1.0
0.9462,7.4219,7.0224,1,04 1-2 years,15,1.0
0.1883,4.8805,0.919,0,03 6-12 months,30,1.0
0.2747,4.8805,1.3405,1,05 2+ years,23,1.0
0.154,4.8805,0.7515,0,04 1-2 years,26,1.0
0.3526,4.8805,1.7207,1,04 1-2 years,30,1.0
0.1443,4.8805,0.7044,0,05 2+ years,23,1.0
0.2046,4.8805,0.9983,0,05 2+ years,22,2.0
0.7431,16.6348,12.3611,1,05 2+ years,10,2.0
0.956,7.4219,7.0954,1,05 2+ years,12,3.0
0.2396,4.8805,1.1691,0,05 2+ years,23,1.0
0.5843,4.8805,2.8519,0,05 2+ years,25,1.0
0.941,7.4219,6.9837,1,05 2+ years,27,1.0
0.2968,4.8805,1.4484,0,05 2+ years,27,2.0
0.4298,4.8805,2.0977,0,01 0-3 months,19,1.0
0.2529,4.8805,1.2344,0,04 1-2 years,30,1.0
0.6247,4.8805,3.0486,1,05 2+ years,6,6.0
0.6113,4.8805,2.9833,1,05 2+ years,10,5.0
0.6408,4.8805,3.1276,1,05 2+ years,2,24.0
0.2024,4.8805,0.9878,0,02 3-6 months,30,1.0
0.1819,4.8805,0.8878,0,05 2+ years,12,2.0
0.1983,4.8805,0.968,0,04 1-2 years,11,4.0
0.2069,4.8805,1.0099,0,04 1-2 years,29,1.0
0.946,7.4219,7.0213,1,05 2+ years,25,2.0
0.286,4.8805,1.3958,0,05 2+ years,11,1.0
0.8099,16.6348,13.4726,1,05 2+ years,17,1.0
0.1993,4.8805,0.9725,0,04 1-2 years,21,2.0
0.2397,4.8805,1.1698,0,03 6-12 months,15,1.0
0.6397,4.8805,3.1221,1,05 2+ years,4,11.0
0.4709,3.5253,1.6601,0,05 2+ years,26,1.0
0.2408,4.8805,1.1752,0,05 2+ years,20,1.0
0.1976,4.8805,0.9646,0,04 1-2 years,25,1.0
0.3307,4.8805,1.6137,1,04 1-2 years,7,4.0
0.3142,4.8805,1.5333,0,01 0-3 months,25,1.0
0.8409,3.5253,2.9644,1,05 2+ years,22,1.0
0.5839,4.8805,2.8499,0,03 6-12 months,17,3.0
0.4261,4.8805,2.0794,0,05 2+ years,25,4.0
0.2564,4.8805,1.2515,1,05 2+ years,16,1.0
0.2059,4.8805,1.005,0,02 3-6 months,29,1.0
0.5463,4.8805,2.6661,1,02 3-6 months,9,4.0
0.5067,4.8805,2.473,1,05 2+ years,6,7.0
0.2173,4.8805,1.0605,0,05 2+ years,29,1.0
0.4487,4.8805,2.1899,1,05 2+ years,13,9.0
0.2476,4.8805,1.2082,0,05 2+ years,30,1.0
0.2476,4.8805,1.2084,0,05 2+ years,5,7.0
0.3286,4.8805,1.6038,0,05 2+ years,9,4.0
0.7162,0.048,0.0344,0,05 2+ years,4,3.0
0.1665,4.8805,0.8128,1,05 2+ years,28,1.0
0.6895,4.8805,3.365,1,05 2+ years,15,10.0
0.2081,4.8805,1.0159,0,05 2+ years,24,1.0
0.2312,4.8805,1.1283,0,05 2+ years,15,3.0
0.2715,4.8805,1.3252,0,05 2+ years,13,1.0
0.1449,4.8805,0.7074,1,05 2+ years,29,1.0
0.8508,3.5253,2.9993,1,05 2+ years,25,1.0
0.2729,4.8805,1.332,0,04 1-2 years,25,1.0
0.2526,4.8805,1.2328,0,04 1-2 years,26,1.0
0.207,4.8805,1.0105,0,05 2+ years,26,1.0
0.4876,4.8805,2.3799,1,03 6-12 months,10,9.0
0.2079,4.8805,1.0149,0,05 2+ years,18,1.0
0.9353,7.4219,6.9414,0,04 1-2 years,26,2.0
0.8669,3.5253,3.0562,1,02 3-6 months,15,1.0
0.8748,7.4219,6.4923,1,03 6-12 months,25,1.0
0.3437,4.8805,1.6776,0,03 6-12 months,9,8.0
0.9708,0.048,0.0466,1,99 unknown,0,
0.1739,4.8805,0.8489,0,05 2+ years,30,1.0
0.7974,16.6348,13.2641,0,05 2+ years,21,1.0
0.3412,4.8805,1.6651,0,05 2+ years,30,1.0
0.2299,4.8805,1.1219,0,01 0-3 months,28,1.0
0.3929,4.8805,1.9174,1,01 0-3 months,28,1.0
0.1973,4.8805,0.9627,0,04 1-2 years,20,2.0
0.8868,7.4219,6.5814,0,04 1-2 years,20,1.0
0.1722,4.8805,0.8403,0,03 6-12 months,29,1.0
0.4911,4.8805,2.397,1,05 2+ years,25,1.0
0.7522,16.6348,12.5134,1,04 1-2 years,26,1.0
0.1273,4.8805,0.6211,0,03 6-12 months,24,3.0
0.1945,4.8805,0.9492,1,05 2+ years,30,1.0
0.4575,4.8805,2.2328,1,01 0-3 months,14,1.0
0.2464,4.8805,1.2026,0,04 1-2 years,18,1.0
0.1394,4.8805,0.6802,0,05 2+ years,25,1.0
0.2948,4.8805,1.4389,0,04 1-2 years,29,1.0
0.8703,7.4219,6.4593,1,05 2+ years,7,6.0
0.8545,7.4219,6.3421,1,04 1-2 years,29,1.0
0.8288,3.5253,2.9219,1,01 0-3 months,3,1.0
0.6714,4.8805,3.2767,1,05 2+ years,6,20.0
0.963,7.4219,7.1476,1,05 2+ years,16,1.0
0.2113,4.8805,1.0314,0,04 1-2 years,29,1.0
0.3384,4.8805,1.6516,0,05 2+ years,15,2.0
0.242,4.8805,1.1812,0,05 2+ years,16,1.0
0.1413,4.8805,0.6894,0,05 2+ years,30,1.0
0.3547,4.8805,1.7312,1,05 2+ years,14,1.0
0.1559,4.8805,0.7607,0,05 2+ years,26,1.0
0.1149,4.8805,0.5606,0,05 2+ years,26,1.0
0.5158,3.5253,1.8182,1,01 0-3 months,21,1.0
0.2239,4.8805,1.0927,0,02 3-6 months,29,1.0
0.215,4.8805,1.0493,0,05 2+ years,28,1.0
0.1814,4.8805,0.8855,0,03 6-12 months,28,1.0
0.8052,16.6348,13.394,1,04 1-2 years,27,1.0
0.2115,4.8805,1.0322,0,05 2+ years,29,1.0
